Cost,Duration,Component_Step_Objectif
52,18,C4
93,45,C1
15,91,C2
72,59,C1
61,62,C2
21,59,C2
83,49,C1
87,63,C2
75,87,C6
75,32,C3
88,10,C1
24,11,C3
3,70,C1
22,62,C2
53,47,C2
2,34,C4
88,17,C6
30,54,C4
38,76,C3
2,85,C2
64,40,C4
60,19,C2
21,67,C1
33,82,C4
76,53,C3
58,64,C4
22,83,C2
89,47,C5
49,6,C5
91,16,C6
59,72,C2
42,18,C1
92,52,C4
60,48,C5
80,43,C1
15,39,C2
62,49,C1
62,12,C2
47,10,C6
62,71,C4
51,55,C1
55,1,C4
64,49,C1
3,36,C2
51,21,C2
7,37,C1
21,24,C6
73,55,C2
39,25,C3
18,7,C3
4,81,C4
89,93,C3
60,94,C3
14,71,C6
9,97,C6
90,71,C5
53,24,C5
2,11,C6
84,73,C5
92,12,C6
60,35,C5
71,63,C2
44,68,C6
8,92,C4
47,57,C4
35,13,C6
78,23,C3
81,83,C4
36,39,C3
50,88,C4
4,80,C1
2,97,C1
6,12,C6
54,34,C4
4,71,C2
54,75,C3
93,31,C4
63,93,C6
18,62,C3
90,13,C5
44,31,C6
34,2,C4
74,15,C2
62,57,C5
14,75,C6
95,34,C4
48,68,C1
15,75,C4
72,29,C1
78,66,C1
87,16,C6
62,39,C4
40,77,C4
85,37,C1
80,81,C3
82,21,C5
53,44,C2
24,19,C4
26,71,C5
89,8,C5
60,77,C3
41,66,C5
29,41,C4
15,75,C6
45,88,C6
65,70,C5
89,61,C4
71,26,C4
9,71,C1
88,83,C3
1,70,C2
8,29,C1
88,66,C2
63,19,C4
11,68,C6
81,58,C1
8,70,C5
35,57,C5
35,37,C2
33,61,C4
5,92,C6
41,30,C2
28,71,C6
7,73,C3
73,25,C6
72,97,C5
12,65,C1
34,6,C1
33,18,C1
48,10,C6
23,92,C5
62,11,C6
88,97,C4
37,65,C5
99,77,C5
44,84,C6
86,65,C6
91,52,C1
35,67,C5
65,82,C1
99,78,C4
47,31,C3
78,91,C1
3,17,C6
1,55,C2
5,93,C3
90,36,C4
14,26,C6
27,53,C3
9,17,C6
79,86,C1
15,25,C6
90,2,C4
42,86,C2
77,5,C1
51,4,C1
63,36,C4
96,6,C4
52,21,C3
96,77,C2
4,89,C6
94,26,C3
23,55,C6
15,39,C6
43,84,C6
29,33,C3
36,14,C1
13,56,C4
32,81,C1
71,21,C2
59,46,C3
86,16,C2
28,16,C4
66,84,C4
42,29,C5
45,92,C2
62,8,C1
57,88,C2
6,3,C3
28,89,C4
28,19,C4
44,97,C2
84,66,C2
30,79,C6
62,86,C2
75,74,C6
92,82,C3
89,22,C3
62,46,C1
97,91,C2
1,13,C1
27,33,C5
62,5,C3
77,90,C4
3,77,C6
70,27,C5
72,78,C4
27,24,C5
9,67,C1
62,63,C1
37,94,C6
97,99,C3
51,48,C6
44,63,C4
24,78,C5
79,12,C6
59,28,C2
32,44,C2
96,93,C3
88,43,C6
52,17,C4
62,40,C2
58,49,C3
52,85,C6
12,57,C3
39,87,C4
2,84,C2
3,64,C2
56,75,C2
81,57,C1
59,98,C2
2,74,C5
2,74,C1
92,70,C6
54,88,C1
87,76,C1
96,43,C1
97,23,C3
1,27,C5
19,58,C4
2,37,C2
53,6,C1
44,65,C4
90,6,C3
32,50,C4
70,22,C1
32,88,C6
68,25,C5
55,79,C4
75,90,C1
56,72,C1
17,51,C2
38,88,C6
24,48,C2
69,70,C6
98,99,C5
70,65,C2
86,60,C5
11,46,C3
16,36,C3
97,58,C6
73,76,C6
59,38,C2
70,11,C3
80,12,C4
93,42,C4
3,39,C4
20,71,C3
59,11,C4
36,36,C5
19,52,C1
90,31,C6
67,33,C2
19,13,C5
20,18,C4
96,41,C1
71,58,C2
52,56,C5
33,24,C2
40,73,C6
39,31,C3
82,55,C4
1,10,C5
11,60,C5
92,2,C1
57,15,C1
89,3,C1
50,43,C2
23,31,C4
31,70,C2
94,67,C4
42,56,C5
99,63,C2
7,75,C2
16,15,C2
90,92,C3
60,10,C6
2,38,C4
1,47,C4
48,57,C2
12,50,C3
69,71,C2
37,15,C4
32,18,C6
9,82,C6
99,88,C5
19,2,C3
48,84,C6
80,98,C3
3,43,C2
20,26,C5
24,71,C4
54,38,C6
33,94,C6
24,42,C1
75,5,C4
72,11,C6
36,65,C6
38,34,C4
84,1,C5
99,83,C3
89,2,C4
99,85,C3
25,20,C5
93,61,C5
18,87,C2
82,21,C1
66,88,C5
54,68,C5
35,12,C3
80,22,C5
61,20,C4
41,82,C2
33,1,C2
68,30,C4
33,97,C6
14,24,C5
21,14,C1
48,36,C5
20,69,C2
8,75,C1
7,24,C6
67,60,C3
17,95,C3
33,55,C5
48,77,C5
76,80,C1
59,24,C1
86,77,C6
22,24,C5
30,54,C2
38,26,C3
51,66,C6
54,80,C1
8,38,C2
27,65,C5
27,75,C4
98,51,C1
21,35,C6
30,43,C4
97,29,C2
28,37,C3
64,81,C2
97,58,C3
69,54,C2
61,39,C1
48,42,C1
19,28,C6
4,29,C4
35,43,C2
64,3,C2
49,10,C4
17,59,C5
44,14,C6
92,76,C2
30,47,C6
93,42,C2
46,94,C2
6,32,C5
99,32,C1
37,42,C6
24,32,C4
93,26,C6
46,1,C5
53,56,C3
95,2,C3
99,81,C5
60,30,C5
97,71,C1
63,52,C6
85,91,C6
32,9,C3
87,22,C4
33,34,C6
67,49,C2
18,1,C2
25,73,C1
95,84,C1
54,53,C3
58,83,C4
67,40,C4
46,45,C5
24,68,C1
32,9,C6
47,22,C2
86,18,C6
23,76,C2
66,43,C3
27,39,C2
2,73,C6
90,6,C6
17,83,C4
33,48,C4
9,7,C1
43,80,C6
48,69,C3
39,16,C2
93,1,C1
42,37,C5
26,83,C5
99,37,C2
50,81,C2
25,64,C2
24,90,C4
13,86,C2
60,62,C5
7,72,C2
57,61,C6
36,33,C3
45,66,C5
20,30,C3
65,20,C5
8,60,C1
16,82,C6
14,74,C5
76,24,C6
87,4,C5
15,37,C3
92,4,C3
98,77,C5
66,89,C5
32,77,C4
87,18,C6
63,88,C6
86,66,C6
51,48,C6
25,33,C1
58,58,C1
63,83,C2
62,73,C5
22,28,C5
58,35,C5
58,10,C5
86,65,C6
49,42,C6
52,85,C1
42,9,C3
70,60,C4
15,15,C6
54,99,C6
60,57,C6
97,69,C3
8,22,C3
53,64,C1
60,41,C6
5,87,C4
68,71,C5
6,56,C6
96,23,C1
94,25,C1
47,91,C4
99,6,C2
55,34,C1
40,63,C3
52,9,C3
16,60,C5
13,49,C1
30,97,C5
19,51,C1
17,60,C4
63,70,C6
19,37,C1
92,31,C2
58,98,C3
55,41,C4
90,62,C6
90,93,C6
62,58,C3
23,14,C6
9,36,C5
12,36,C4
1,79,C2
58,8,C3
1,26,C1
34,36,C1
96,48,C1
48,85,C4
89,28,C2
1,68,C6
16,62,C2
61,80,C2
64,86,C3
63,76,C4
69,80,C1
22,51,C3
93,42,C6
67,29,C2
76,82,C1
26,10,C4
16,39,C5
51,82,C2
86,1,C2
57,39,C2
29,21,C2
78,65,C1
92,15,C4
69,4,C3
47,60,C1
94,61,C4
62,20,C3
69,10,C2
76,87,C4
16,34,C2
90,48,C4
90,33,C6
48,98,C5
85,61,C2
39,10,C2
33,54,C2
94,84,C6
23,65,C1
10,77,C3
69,1,C2
34,5,C2
52,80,C1
95,15,C1
10,28,C5
19,95,C4
58,23,C2
96,17,C4
1,98,C1
69,13,C1
4,14,C5
16,11,C3
24,28,C6
80,42,C6
2,96,C6
92,99,C1
32,61,C2
91,64,C5
84,31,C3
24,81,C6
12,73,C5
50,10,C1
35,8,C6
33,21,C3
33,77,C4
61,59,C3
51,50,C2
43,69,C6
12,70,C6
67,30,C4
65,95,C4
33,17,C6
40,75,C2
74,20,C4
43,48,C1
44,73,C6
29,2,C3
13,37,C3
12,1,C2
95,4,C1
46,54,C4
2,25,C6
35,3,C3
87,9,C3
81,86,C3
90,87,C3
8,76,C5
93,74,C2
26,34,C4
74,43,C6
90,74,C6
34,94,C6
7,22,C4
68,70,C2
58,2,C1
75,94,C2
29,66,C3
36,32,C3
89,16,C2
21,76,C2
36,1,C4
10,72,C4
73,48,C5
24,50,C6
64,13,C5
99,15,C6
49,53,C3
99,44,C5
36,8,C5
82,74,C1
96,46,C2
24,69,C4
23,19,C5
62,38,C4
96,11,C6
37,43,C5
12,20,C6
55,20,C5
13,21,C3
23,82,C1
89,57,C6
99,50,C2
30,74,C2
17,98,C3
62,26,C3
84,30,C2
89,73,C6
86,31,C2
13,42,C1
59,68,C5
19,61,C1
49,61,C2
12,70,C5
61,78,C2
19,68,C1
76,90,C1
9,17,C6
71,19,C6
28,51,C1
78,70,C5
95,63,C6
52,93,C6
83,75,C4
16,80,C4
69,30,C6
99,25,C2
12,75,C5
25,71,C3
52,26,C6
85,56,C4
53,22,C5
23,89,C5
16,19,C4
57,31,C5
39,26,C5
53,42,C4
42,41,C1
58,23,C6
39,47,C2
14,13,C3
95,89,C2
5,66,C1
35,66,C1
87,16,C5
93,73,C2
75,28,C1
18,77,C2
76,35,C1
9,41,C3
74,77,C1
58,31,C2
17,85,C5
7,32,C2
46,54,C4
13,98,C2
40,72,C3
42,59,C6
9,41,C3
50,66,C3
27,96,C1
66,54,C3
5,40,C2
29,28,C6
37,37,C5
38,65,C3
83,74,C2
8,55,C1
65,4,C1
86,99,C5
17,10,C5
71,47,C2
89,75,C5
45,14,C5
4,38,C1
36,12,C2
70,45,C6
31,17,C5
19,80,C2
61,35,C3
54,66,C1
39,75,C6
91,41,C1
74,67,C1
90,29,C4
19,18,C2
39,20,C3
67,14,C5
45,34,C3
13,49,C2
92,54,C1
58,31,C4
20,58,C2
92,42,C6
72,58,C6
61,82,C2
39,30,C5
1,25,C3
3,63,C3
77,19,C5
92,72,C4
62,92,C1
63,8,C1
25,95,C6
56,3,C4
33,67,C5
38,86,C2
6,81,C3
58,17,C2
44,14,C3
45,9,C2
32,62,C5
45,94,C5
61,21,C4
47,76,C2
21,37,C2
80,96,C4
85,11,C4
75,20,C5
36,35,C5
99,53,C6
19,47,C2
20,75,C5
57,52,C5
18,8,C2
47,4,C4
49,27,C2
14,44,C1
15,40,C2
31,47,C1
1,94,C2
54,44,C1
3,48,C1
16,91,C2
87,85,C6
57,52,C5
75,84,C3
12,68,C5
74,11,C1
96,77,C2
16,73,C2
72,4,C2
76,76,C2
24,73,C6
28,77,C3
8,48,C4
92,26,C1
36,77,C3
90,39,C5
8,92,C4
58,58,C4
60,19,C2
50,88,C3
28,83,C5
92,77,C2
41,77,C2
64,58,C6
27,28,C1
63,66,C4
17,10,C5
73,86,C4
33,77,C3
84,58,C1
77,73,C2
92,97,C1
29,14,C2
13,84,C1
46,15,C2
35,96,C4
6,33,C4
82,17,C4
69,24,C4
47,30,C1
25,62,C2
66,13,C4
10,62,C1
56,47,C2
30,16,C1
5,66,C6
33,81,C4
65,96,C3
18,43,C1
96,8,C4
49,3,C5
11,12,C2
85,84,C6
26,16,C4
63,78,C5
89,80,C1
86,59,C1
59,49,C5
27,63,C6
49,62,C5
77,49,C2
33,51,C1
98,33,C5
99,30,C3
1,59,C3
21,76,C5
55,15,C2
6,82,C1
92,92,C3
81,23,C5
69,78,C5
95,94,C4
5,97,C5
3,45,C2
53,62,C3
23,79,C4
53,71,C3
37,15,C3
74,46,C2
74,64,C5
83,46,C2
17,56,C5
85,44,C4
78,75,C2
73,29,C2
1,95,C6
51,62,C1
45,89,C2
77,52,C6
4,54,C1
62,88,C5
65,57,C5
32,83,C5
34,66,C6
92,22,C6
95,20,C1
72,33,C5
39,72,C3
26,25,C2
34,46,C6
54,73,C6
3,98,C6
50,57,C1
12,87,C5
65,5,C3
54,55,C2
5,61,C2
94,89,C5
94,8,C3
57,16,C1
17,48,C6
47,61,C6
23,15,C5
79,65,C2
85,22,C6
14,3,C2
66,54,C2
75,14,C5
51,36,C4
38,82,C4
64,82,C4
98,67,C3
38,10,C5
50,49,C2
98,65,C6
82,91,C3
30,57,C4
79,27,C1
91,75,C3
51,5,C3
63,71,C5
98,83,C6
52,57,C3
38,93,C6
97,15,C5
88,99,C1
79,76,C2
30,30,C2
51,20,C4
81,37,C4
5,3,C1
29,73,C2
4,41,C4
10,39,C6
56,26,C3
17,2,C5
74,23,C4
17,23,C1
84,85,C2
88,16,C1
69,9,C5
34,13,C5
6,28,C1
53,27,C4
66,51,C4
77,64,C2
43,52,C6
75,81,C2
23,38,C3
55,65,C6
80,18,C3
95,63,C2
75,51,C6
16,9,C6
8,13,C3
4,40,C1
4,55,C4
56,79,C6
25,43,C6
67,44,C3
96,68,C6
67,33,C3
27,24,C1
93,36,C6
32,10,C5
50,20,C2
61,75,C1
51,12,C5
19,62,C1
21,18,C4
5,94,C1
82,63,C1
92,84,C4
42,25,C6
61,12,C2
22,21,C5
21,25,C3
70,11,C2
1,64,C1
5,73,C3
12,50,C4
90,62,C2
46,89,C6
34,99,C5
49,96,C2
78,49,C2
90,14,C6
45,1,C3
27,81,C4
73,25,C6
26,59,C4
47,72,C6
86,69,C2
56,5,C4
94,99,C3
63,19,C3
48,23,C5
61,9,C4
81,94,C5
26,50,C6
36,16,C1
1,33,C3
8,2,C2
99,14,C3
52,1,C1
79,90,C2
47,58,C4
56,89,C4
86,16,C3
14,79,C2
90,90,C6
28,47,C2
87,44,C5
78,80,C1
88,14,C4
2,93,C3
26,24,C2
14,55,C4
59,15,C3
56,83,C4
7,72,C3
3,34,C4
23,2,C6
18,27,C5
38,74,C1
99,99,C4
15,87,C1
64,72,C4
89,92,C2
28,23,C5
74,68,C6
39,14,C5
57,63,C1
17,93,C2
86,65,C3
90,68,C5
44,63,C6
25,96,C2
17,97,C2
13,90,C1
84,81,C6
25,87,C2
68,64,C2
10,32,C3
67,79,C1
18,13,C1
86,66,C6
34,19,C2
8,24,C3
40,88,C4
83,11,C5
42,59,C1
41,86,C3
6,15,C6
52,10,C3
26,41,C2
64,27,C5
98,60,C1
59,73,C4
56,52,C2
59,28,C1
70,65,C6
33,17,C1
53,95,C3
22,44,C5
21,10,C4
70,63,C5
70,93,C3
4,82,C4
94,47,C4
75,38,C2
62,70,C4
62,76,C1
94,53,C5
95,78,C6
24,44,C6
55,74,C5
9,54,C2
3,20,C4
31,79,C3
40,31,C1
36,7,C2
24,58,C4
95,10,C6
6,10,C3
66,39,C4
84,28,C2
92,30,C3
75,37,C3
4,67,C3
79,43,C3
6,79,C4
94,85,C3
51,52,C4
62,56,C3
57,76,C3
66,68,C2
79,9,C4
75,92,C6
8,23,C4
26,63,C5
51,61,C6
45,40,C2
44,44,C4
5,86,C2
70,24,C6
26,51,C2
68,58,C2
19,90,C1
84,94,C4
97,33,C2
20,16,C1
12,22,C1
47,57,C3
1,62,C3
90,82,C6
14,71,C4
64,90,C3
38,72,C6
37,70,C4
11,30,C6
77,23,C1
3,32,C1
33,86,C4
6,57,C6
50,9,C6
10,31,C3
5,71,C3
23,9,C4
10,13,C5
44,58,C3
2,3,C2
13,35,C3
40,97,C5
2,21,C6
84,64,C1
65,95,C1
63,52,C6
73,34,C1
17,96,C3
9,35,C1
75,15,C5
15,96,C5
24,6,C3
38,85,C6
35,97,C2
94,32,C3
95,52,C1
49,83,C3
69,97,C5
62,28,C3
60,95,C3
50,85,C2
78,98,C5
75,64,C4
9,79,C4
34,78,C5
76,19,C4
99,15,C1
35,6,C4
1,73,C1
40,84,C5
64,98,C4
22,38,C4
60,26,C6
64,82,C1
93,92,C1
72,51,C3
11,73,C2
14,96,C4
60,53,C6
30,56,C2
35,59,C6
85,70,C2
37,78,C4
5,92,C6
83,58,C1
78,88,C3
26,13,C6
62,43,C5
4,76,C4
89,51,C4
42,19,C5
89,21,C2
18,91,C3
40,83,C2
72,24,C5
39,26,C5
14,45,C3
32,28,C5
51,82,C5
38,29,C6
97,17,C3
23,68,C4
63,44,C2
15,61,C4
97,93,C4
25,68,C6
17,74,C2
97,25,C4
66,95,C3
78,67,C2
53,2,C1
51,89,C6
39,49,C4
51,70,C5
70,26,C2
6,72,C1
67,99,C5
7,27,C1
51,89,C4
72,18,C5
42,54,C4
64,1,C5
15,61,C2
29,3,C3
33,68,C3
94,41,C1
27,37,C6
36,51,C5
29,15,C4
38,8,C6
57,38,C2
97,83,C2
27,56,C2
55,47,C3
33,90,C4
68,10,C2
86,78,C2
66,49,C1
10,41,C5
5,83,C5
74,30,C5
97,5,C6
38,95,C1
13,71,C3
31,83,C6
47,31,C1
88,52,C2
52,88,C4
56,98,C6
15,23,C6
29,48,C2
8,40,C2
5,6,C4
29,38,C5
47,41,C6
68,27,C1
76,75,C3
45,69,C2
2,57,C2
27,17,C3
95,71,C1
36,91,C2
36,47,C3
26,79,C2
43,13,C5
27,11,C5
69,90,C2
20,86,C2
11,92,C5
74,24,C2
38,93,C1
6,73,C1
72,4,C4
23,46,C1
47,18,C6
90,43,C6
46,80,C6
12,33,C2
90,93,C2
13,10,C3
62,73,C6
82,59,C6
89,31,C1
97,28,C5
60,60,C5
43,3,C4
76,55,C3
68,14,C5
5,58,C4
37,89,C1
72,15,C3
92,2,C3
31,24,C6
9,78,C2
51,64,C6
29,71,C1
78,24,C6
40,27,C3
41,37,C6
86,94,C4
11,91,C6
23,39,C5
1,63,C1
46,79,C1
21,26,C3
90,65,C6
36,4,C3
54,29,C3
87,1,C4
57,50,C2
1,86,C3
63,11,C2
54,74,C2
55,59,C1
40,62,C5
15,81,C5
21,36,C6
47,56,C4
73,90,C4
53,21,C5
9,13,C6
74,9,C5
52,11,C6
57,75,C6
26,70,C6
41,1,C6
35,70,C1
63,77,C1
25,86,C5
90,56,C6
75,31,C3
38,86,C6
2,37,C3
7,47,C1
82,91,C6
91,78,C2
34,47,C5
91,69,C6
17,58,C4
43,36,C3
59,32,C6
51,98,C2
54,64,C3
24,71,C2
25,42,C5
71,48,C5
52,74,C5
70,81,C1
88,30,C2
33,21,C6
49,60,C4
29,13,C4
63,1,C5
22,65,C4
26,33,C3
28,38,C2
85,25,C2
49,26,C2
71,77,C3
81,59,C6
84,92,C1
49,33,C3
20,41,C2
86,30,C2
92,57,C2
63,49,C6
61,48,C4
49,72,C1
71,49,C3
1,47,C2
96,56,C5
13,65,C1
94,12,C5
87,69,C1
51,88,C2
56,6,C1
83,89,C1
62,65,C2
32,25,C6
30,1,C5
29,32,C6
49,3,C5
45,49,C4
93,19,C5
30,60,C5
16,29,C1
40,50,C4
19,2,C2
18,73,C2
1,56,C3
78,17,C4
47,60,C1
66,36,C3
92,61,C3
94,17,C2
38,49,C5
51,76,C1
63,60,C4
4,20,C3
1,50,C1
8,3,C2
29,43,C3
55,57,C3
3,50,C6
32,68,C2
10,81,C6
74,50,C2
83,37,C2
34,46,C6
97,42,C1
87,15,C1
55,33,C1
92,80,C5
32,11,C3
50,20,C1
7,24,C5
93,64,C3
8,80,C1
65,94,C2
57,98,C4
67,65,C1
88,88,C4
87,88,C1
59,73,C2
72,86,C4
54,76,C5
67,17,C2
51,89,C4
97,92,C4
92,61,C6
8,15,C6
34,94,C2
35,51,C2
96,27,C2
88,86,C3
78,74,C5
32,61,C1
46,58,C6
16,31,C4
68,91,C6
37,12,C1
54,46,C2
85,31,C6
14,32,C5
95,32,C5
55,99,C3
48,53,C6
82,61,C2
7,46,C4
74,85,C3
7,74,C2
33,80,C3
23,7,C6
85,4,C1
19,91,C6
19,52,C2
36,89,C4
29,31,C4
60,75,C2
82,84,C3
2,36,C5
1,54,C2
47,54,C6
69,17,C4
20,75,C1
11,30,C4
2,99,C5
67,22,C4
87,43,C5
12,27,C2
20,37,C4
5,46,C3
37,35,C6
38,4,C3
94,80,C6
9,80,C4
98,85,C4
53,26,C6
44,19,C1
99,81,C4
86,45,C1
24,26,C1
81,22,C6
74,58,C1
30,63,C1
59,28,C2
87,65,C3
96,44,C1
81,43,C3
81,37,C1
14,66,C3
9,17,C4
40,40,C4
66,38,C3
25,85,C1
73,61,C2
22,9,C3
4,77,C5
26,75,C2
58,61,C5
29,80,C3
98,16,C1
87,2,C5
37,72,C3
75,43,C2
70,42,C1
18,77,C5
85,57,C3
42,81,C1
41,88,C1
38,67,C4
34,30,C1
17,13,C3
37,19,C2
25,7,C6
76,9,C4
87,83,C3
86,54,C3
85,86,C3
27,82,C5
57,61,C5
31,87,C2
6,2,C3
91,50,C5
40,75,C5
98,31,C5
12,33,C2
53,78,C2
71,80,C3
10,11,C4
45,33,C3
17,7,C5
26,31,C6
85,48,C5
92,47,C1
62,78,C6
46,92,C6
64,53,C3
2,80,C5
54,19,C5
65,81,C4
51,90,C1
53,6,C3
36,49,C2
26,73,C3
29,50,C6
21,81,C3
11,95,C4
40,12,C3
11,23,C4
36,54,C6
59,69,C4
39,59,C5
99,36,C2
54,3,C6
98,58,C4
55,88,C1
24,55,C6
22,57,C1
69,17,C2
56,39,C4
33,90,C6
36,68,C6
20,55,C2
83,45,C5
99,76,C1
81,1,C6
62,21,C3
98,83,C1
73,21,C4
26,52,C2
66,82,C1
73,43,C3
73,52,C3
40,67,C2
17,44,C2
1,32,C1
89,10,C4
61,64,C5
43,79,C3
42,69,C2
25,68,C5
39,28,C5
35,53,C5
3,51,C4
44,53,C2
51,4,C3
94,79,C2
98,17,C1
12,67,C3
19,74,C2
44,47,C3
59,56,C1
49,23,C6
61,18,C3
17,1,C6
74,35,C5
57,64,C4
55,58,C1
47,95,C3
12,59,C1
62,1,C5
80,3,C6
88,67,C4
83,37,C1
8,83,C6
95,29,C5
21,89,C5
81,33,C5
87,61,C6
80,93,C3
70,90,C2
72,4,C1
25,14,C2
82,91,C5
89,33,C2
12,22,C6
15,48,C5
59,3,C5
26,87,C4
26,85,C4
47,23,C6
32,68,C6
10,21,C2
16,43,C1
71,95,C2
17,85,C6
23,26,C1
26,41,C2
85,99,C3
86,38,C3
7,88,C1
14,11,C4
79,29,C1
7,60,C2
9,67,C5
48,65,C3
72,61,C5
59,19,C3
87,46,C2
93,49,C3
82,22,C1
95,78,C5
94,57,C6
39,14,C5
99,44,C2
18,16,C6
59,97,C5
17,77,C2
14,12,C4
31,55,C1
24,51,C3
99,39,C3
60,33,C3
45,33,C4
98,29,C1
3,69,C5
37,70,C5
43,31,C1
40,80,C6
90,31,C1
55,89,C3
87,46,C5
39,97,C1
15,77,C5
4,52,C1
93,10,C2
86,88,C3
25,74,C1
13,41,C4
82,95,C1
33,77,C2
16,3,C4
42,59,C4
66,52,C1
55,34,C2
99,49,C4
42,28,C3
34,83,C6
30,87,C3
13,96,C5
13,13,C5
18,97,C2
32,98,C4
96,97,C3
99,69,C3
39,67,C6
46,61,C2
29,60,C4
62,71,C2
93,24,C1
62,63,C3
57,86,C2
16,61,C2
56,23,C6
10,30,C1
30,60,C5
25,18,C3
84,96,C6
5,56,C2
65,53,C3
94,7,C5
49,97,C2
3,69,C1
45,92,C3
14,72,C6
30,79,C1
68,52,C5
18,4,C5
62,34,C3
37,69,C5
25,33,C4
48,69,C6
65,38,C3
53,98,C4
79,26,C5
73,1,C3
15,4,C4
49,39,C5
88,54,C2
68,90,C2
12,33,C1
59,33,C2
37,72,C4
61,20,C6
43,16,C2
70,21,C3
39,45,C3
56,90,C3
63,87,C2
46,82,C2
88,62,C1
11,31,C6
62,42,C6
77,12,C5
98,65,C1
25,73,C4
71,3,C3
52,90,C2
4,9,C5
59,51,C5
72,16,C2
20,88,C1
93,78,C5
63,3,C6
54,98,C1
74,97,C2
98,24,C1
57,73,C6
90,13,C3
41,2,C2
3,71,C6
6,21,C2
5,19,C6
5,89,C6
54,47,C5
47,22,C5
87,75,C5
49,33,C3
9,32,C3
99,64,C6
20,85,C4
61,39,C2
35,84,C5
50,72,C2
82,42,C6
62,9,C1
17,25,C6
88,89,C3
3,97,C4
32,2,C1
99,19,C2
13,20,C3
89,93,C5
73,70,C1
68,17,C3
14,89,C2
98,68,C6
11,94,C2
56,84,C1
67,3,C1
92,87,C6
29,51,C1
9,82,C4
67,26,C5
25,56,C3
98,64,C6
76,8,C2
42,81,C2
9,95,C5
79,37,C1
40,97,C1
25,27,C2
5,45,C5
11,4,C2
59,86,C1
98,90,C6
88,96,C3
79,88,C1
38,99,C6
72,37,C3
5,96,C4
48,71,C5
90,33,C6
18,31,C4
70,55,C1
37,12,C5
60,11,C6
48,88,C1
77,72,C5
28,32,C5
69,57,C1
77,38,C1
81,60,C6
40,86,C5
45,98,C6
96,19,C5
62,84,C6
93,56,C1
58,14,C1
67,33,C2
56,10,C6
40,80,C2
98,64,C2
40,64,C4
91,62,C5
77,68,C3
33,91,C4
6,92,C5
88,43,C3
19,80,C2
80,59,C3
40,52,C1
92,97,C1
97,19,C6
59,21,C5
59,22,C4
48,9,C2
41,9,C5
13,73,C2
45,27,C1
89,17,C4
53,44,C4
42,45,C1
63,8,C3
27,80,C4
38,18,C3
60,33,C2
7,1,C4
5,76,C6
45,6,C1
58,41,C3
31,55,C6
23,5,C2
42,59,C2
10,80,C4
32,18,C4
53,49,C6
30,82,C5
39,65,C5
31,83,C4
82,54,C5
2,61,C1
78,8,C6
77,3,C1
93,25,C5
12,69,C4
39,55,C1
66,40,C2
96,83,C4
13,82,C6
46,50,C3
27,95,C3
17,33,C4
95,18,C5
98,57,C1
60,16,C1
64,80,C4
88,38,C2
35,41,C6
70,7,C5
83,78,C2
30,53,C4
71,63,C4
74,89,C2
96,32,C3
98,38,C4
63,22,C6
28,16,C5
60,52,C2
79,29,C3
94,16,C2
37,76,C3
93,17,C3
22,64,C6
68,91,C5
20,89,C4
96,13,C3
68,72,C4
91,56,C5
64,5,C4
17,12,C6
12,41,C6
22,3,C1
17,99,C6
10,33,C3
65,86,C5
22,50,C6
90,56,C2
82,9,C5
50,82,C3
14,50,C5
64,29,C6
47,39,C2
29,91,C1
76,45,C3
36,17,C3
99,56,C5
52,98,C4
76,46,C4
7,67,C2
29,69,C1
11,14,C1
33,67,C5
6,23,C5
79,94,C4
32,61,C6
51,23,C1
75,27,C6
58,54,C1
87,10,C6
26,89,C6
98,77,C1
46,16,C2
98,41,C2
29,98,C5
4,55,C6
81,61,C6
99,86,C6
13,81,C6
39,87,C6
15,49,C4
29,73,C3
29,52,C6
75,2,C4
32,96,C2
2,50,C6
47,86,C2
78,43,C5
84,77,C3
22,8,C1
75,59,C3
27,65,C6
67,81,C6
81,12,C3
56,4,C3
92,77,C5
93,95,C2
21,41,C1
47,7,C3
80,87,C1
59,88,C3
84,69,C2
6,69,C1
19,81,C4
57,30,C2
69,73,C1
3,6,C3
1,89,C3
58,19,C2
38,80,C2
15,85,C3
34,66,C1
61,10,C4
35,16,C5
64,37,C2
25,79,C3
24,77,C1
12,77,C2
18,32,C1
15,47,C2
80,72,C3
27,43,C1
72,82,C3
60,36,C1
46,26,C2
89,10,C5
17,31,C5
93,97,C4
53,29,C4
8,5,C6
79,77,C3
27,1,C1
46,87,C4
50,3,C2
71,67,C5
3,71,C1
93,35,C6
64,15,C5
44,67,C1
53,93,C4
24,30,C4
60,82,C3
3,75,C6
20,43,C1
46,60,C6
15,40,C2
25,65,C6
94,29,C4
78,74,C3
71,92,C4
17,95,C5
84,19,C4
9,3,C1
38,36,C3
48,43,C1
60,15,C2
63,97,C2
86,41,C4
2,90,C3
88,80,C6
72,36,C3
11,97,C3
64,84,C3
77,77,C4
81,33,C1
72,5,C4
21,78,C6
18,91,C1
94,87,C6
64,14,C5
82,68,C5
95,83,C1
38,47,C4
32,54,C6
11,4,C6
45,94,C2
89,83,C6
33,95,C4
41,95,C2
8,9,C4
11,53,C3
86,77,C6
51,78,C3
88,60,C5
41,46,C5
17,54,C1
76,74,C6
46,95,C2
32,37,C3
79,23,C4
80,27,C6
54,70,C1
86,90,C4
92,66,C3
20,61,C6
33,77,C3
74,51,C6
40,50,C6
32,19,C3
97,1,C3
2,40,C4
97,32,C1
33,22,C3
77,93,C5
30,66,C1
33,40,C5
77,38,C4
26,48,C3
22,55,C1
66,75,C3
38,81,C6
90,55,C3
46,51,C1
15,60,C3
98,8,C3
44,86,C2
49,68,C2
75,75,C1
61,72,C1
67,9,C6
6,90,C6
9,2,C3
6,80,C5
73,95,C1
95,70,C3
32,85,C5
41,90,C2
76,59,C6
8,19,C1
72,28,C3
50,72,C2
92,14,C4
62,24,C2
84,44,C3
62,56,C6
7,90,C5
75,95,C4
84,51,C4
80,32,C6
4,50,C4
6,41,C1
58,66,C3
22,25,C4
26,61,C2
3,66,C5
41,42,C3
60,65,C6
14,36,C2
75,76,C1
82,9,C4
12,36,C2
87,92,C3
12,38,C2
13,33,C1
25,42,C5
45,61,C4
19,46,C3
55,86,C4
45,89,C4
8,61,C6
93,18,C4
53,70,C2
55,82,C2
32,80,C5
51,15,C1
44,48,C3
82,72,C2
70,13,C4
18,43,C1
83,60,C3
22,57,C3
37,71,C3
96,17,C3
56,50,C5
59,32,C3
3,22,C1
28,55,C2
74,57,C1
35,13,C4
61,47,C6
93,87,C5
54,62,C5
63,54,C4
79,29,C1
97,22,C1
7,65,C4
76,29,C6
49,48,C3
94,5,C3
85,35,C2
31,74,C1
58,83,C1
61,71,C4
24,46,C4
20,35,C3
37,45,C1
4,13,C1
92,10,C5
20,66,C2
60,70,C2
24,72,C3
50,25,C6
49,44,C1
51,60,C5
96,47,C1
36,40,C4
98,7,C3
66,46,C6
79,23,C2
34,83,C1
36,46,C6
6,86,C3
39,13,C2
42,21,C1
58,1,C5
12,19,C3
3,60,C1
18,33,C2
40,4,C2
21,3,C5
15,91,C3
97,52,C3
99,99,C6
26,28,C1
8,70,C6
94,70,C2
87,55,C2
42,57,C5
44,87,C5
14,97,C3
78,16,C6
2,24,C2
37,69,C1
69,41,C4
38,77,C1
41,47,C5
62,76,C1
60,69,C2
14,31,C6
89,92,C3
84,92,C6
2,30,C4
70,18,C3
17,44,C4
89,27,C4
28,99,C2
66,26,C2
35,60,C5
5,18,C5
65,97,C4
40,89,C6
76,56,C5
56,31,C2
36,59,C5
45,2,C4
23,97,C3
47,39,C6
31,61,C6
11,63,C1
10,96,C5
67,18,C6
14,17,C2
80,98,C3
74,39,C2
93,71,C5
10,54,C4
76,99,C1
94,94,C1
1,76,C3
5,35,C6
20,11,C6
8,61,C6
43,44,C1
76,68,C4
1,25,C6
57,48,C2
64,32,C6
84,84,C4
28,95,C3
37,4,C3
47,38,C1
76,63,C4
37,47,C2
49,1,C4
44,3,C2
56,86,C2
28,62,C4
79,64,C5
6,17,C4
61,78,C2
20,62,C6
78,35,C3
2,13,C3
73,35,C1
37,43,C3
20,2,C5
26,56,C2
29,77,C4
1,51,C4
35,54,C5
70,16,C3
59,18,C2
69,7,C3
33,45,C1
51,36,C3
78,41,C1
12,94,C4
20,42,C2
53,7,C6
88,15,C1
43,60,C3
98,40,C3
89,83,C4
50,37,C5
29,66,C6
57,55,C5
39,77,C3
95,95,C5
56,80,C6
43,56,C6
50,44,C2
23,57,C5
44,6,C2
38,92,C3
84,32,C3
23,74,C3
45,18,C4
52,68,C5
80,73,C1
50,7,C6
8,8,C1
85,64,C3
1,7,C5
8,41,C2
29,40,C1
96,3,C3
5,17,C1
86,66,C1
47,79,C6
34,93,C1
65,52,C3
55,22,C6
90,4,C3
43,6,C4
74,38,C4
30,26,C4
82,11,C1
17,90,C5
26,17,C3
8,88,C4
47,92,C5
76,99,C4
91,31,C4
72,77,C5
89,35,C4
46,16,C1
68,79,C1
33,18,C6
1,62,C1
19,27,C2
31,35,C6
80,45,C4
14,35,C2
53,28,C3
48,9,C5
69,76,C3
90,15,C2
62,21,C1
92,52,C4
66,35,C6
64,97,C4
70,51,C1
63,83,C4
73,55,C5
33,87,C5
41,77,C5
89,44,C3
48,65,C1
13,93,C5
73,88,C2
77,80,C5
31,25,C6
75,87,C3
68,92,C2
98,47,C1
4,80,C1
19,56,C6
70,38,C5
98,11,C2
82,67,C6
13,15,C2
23,1,C5
83,7,C5
75,1,C4
1,49,C4
88,96,C5
54,73,C3
71,29,C6
89,26,C4
85,87,C5
15,45,C2
65,93,C6
76,97,C4
71,71,C3
15,12,C6
21,95,C6
19,32,C1
60,20,C2
93,51,C3
89,81,C3
33,36,C3
49,67,C2
96,1,C3
35,27,C1
44,40,C4
90,97,C2
11,84,C3
99,14,C5
72,69,C4
78,87,C6
74,79,C2
66,6,C5
46,33,C6
9,55,C5
3,19,C3
85,77,C2
26,29,C3
72,61,C6
48,70,C1
66,79,C5
70,80,C1
28,24,C6
93,23,C3
26,10,C4
25,54,C5
12,41,C4
5,49,C2
98,17,C5
48,56,C1
37,45,C4
79,30,C6
44,44,C2
15,74,C5
43,55,C6
48,19,C2
87,29,C1
70,2,C6
46,36,C5
43,19,C2
21,7,C3
23,26,C5
80,79,C5
47,38,C5
15,3,C5
25,80,C3
36,66,C6
75,95,C6
51,92,C6
15,71,C1
68,94,C3
21,43,C3
13,62,C2
86,71,C4
19,93,C6
34,24,C4
78,39,C2
68,68,C3
52,93,C2
27,44,C5
29,5,C2
28,55,C2
35,93,C5
8,30,C4
16,29,C5
36,26,C1
30,83,C2
18,26,C2
2,37,C4
49,91,C3
77,94,C5
4,53,C3
90,30,C1
89,3,C5
94,43,C1
75,7,C1
7,49,C1
95,73,C6
74,41,C5
39,77,C5
13,79,C6
31,54,C4
71,69,C6
63,93,C2
56,99,C3
42,91,C3
61,27,C1
42,8,C5
56,32,C5
36,84,C1
84,64,C2
68,10,C3
7,13,C6
54,63,C4
1,93,C2
44,35,C5
45,61,C1
47,54,C3
13,8,C1
22,29,C5
21,95,C1
86,41,C6
92,30,C3
9,86,C1
26,21,C3
9,76,C1
15,11,C1
10,2,C3
88,50,C6
42,41,C1
72,66,C6
24,98,C2
80,3,C4
49,80,C2
26,51,C4
91,68,C2
37,87,C4
68,84,C1
50,25,C3
24,30,C3
19,82,C5
60,11,C4
39,93,C5
74,17,C6
89,26,C6
18,23,C5
19,56,C4
36,52,C3
74,48,C4
97,20,C6
55,2,C1
69,88,C5
47,31,C5
49,27,C6
99,2,C4
98,78,C5
33,4,C3
21,13,C5
81,35,C4
22,72,C6
48,66,C3
37,6,C3
15,31,C5
35,10,C4
92,21,C5
71,74,C1
32,23,C6
11,3,C1
10,32,C3
73,20,C5
78,74,C1
77,29,C2
57,52,C1
25,46,C5
2,34,C5
64,84,C6
35,61,C1
7,72,C5
85,71,C5
18,70,C6
67,11,C6
42,82,C6
39,93,C6
41,89,C2
75,63,C3
24,21,C5
60,3,C4
46,82,C6
19,88,C3
68,10,C6
90,27,C3
42,12,C4
32,7,C1
39,17,C2
36,65,C5
97,64,C1
36,26,C4
3,15,C2
73,33,C2
8,62,C2
97,47,C4
70,95,C6
41,35,C6
68,65,C6
13,72,C1
49,76,C5
60,83,C2
2,25,C2
60,57,C1
5,32,C6
44,63,C2
27,12,C2
32,63,C4
21,77,C3
8,92,C1
72,1,C1
50,51,C6
67,70,C1
44,8,C6
58,68,C4
3,5,C4
86,89,C5
70,86,C6
2,92,C4
87,39,C6
44,23,C1
2,68,C5
81,52,C3
35,4,C2
98,47,C2
87,21,C5
30,56,C6
8,66,C6
22,59,C6
44,7,C3
58,49,C2
36,16,C5
69,17,C6
77,84,C4
93,87,C1
31,98,C3
47,75,C6
55,34,C2
80,33,C1
62,26,C5
30,66,C6
55,63,C2
16,87,C1
12,41,C4
17,86,C3
16,58,C5
12,98,C2
8,79,C4
84,10,C3
3,15,C3
16,42,C4
30,93,C2
23,57,C3
92,87,C5
5,17,C1
84,60,C5
65,9,C6
30,36,C3
21,73,C1
84,80,C4
70,36,C1
22,48,C1
82,51,C1
72,97,C3
32,95,C6
33,70,C6
16,74,C2
76,80,C6
38,68,C3
98,22,C2
14,77,C4
36,80,C4
97,93,C4
23,6,C4
66,26,C4
85,75,C5
2,88,C3
91,93,C2
73,3,C4
65,52,C5
75,74,C6
67,60,C5
52,63,C5
62,65,C3
23,52,C4
26,90,C5
68,76,C5
82,14,C4
55,89,C3
6,72,C5
35,68,C2
22,28,C1
43,71,C6
15,10,C1
86,57,C1
60,66,C3
12,90,C5
49,50,C1
42,14,C1
38,16,C6
82,54,C4
45,43,C5
35,42,C5
30,81,C6
88,22,C4
30,68,C5
78,19,C2
6,66,C6
67,39,C3
80,73,C4
7,19,C6
52,16,C1
14,54,C5
73,25,C2
15,18,C2
21,23,C3
35,85,C6
66,11,C2
91,39,C6
2,68,C5
35,25,C5
82,63,C2
78,96,C5
20,30,C6
82,45,C5
10,90,C1
25,61,C6
66,51,C4
25,98,C5
54,9,C5
33,76,C6
36,2,C3
95,5,C4
14,62,C4
65,69,C4
80,52,C2
54,86,C1
52,5,C1
3,59,C3
99,68,C4
41,9,C4
6,93,C5
25,22,C6
13,27,C2
98,10,C2
8,80,C3
21,61,C1
98,51,C4
68,10,C6
25,6,C3
79,62,C2
68,5,C2
45,70,C2
60,63,C4
12,56,C4
32,59,C4
96,63,C5
92,89,C1
13,59,C2
31,51,C2
78,50,C5
20,4,C2
18,48,C2
93,32,C4
60,51,C4
63,52,C1
6,99,C2
32,74,C3
93,34,C2
43,36,C2
2,70,C1
60,43,C3
23,16,C2
83,59,C6
31,53,C6
5,19,C3
83,98,C6
34,89,C4
10,95,C4
89,41,C3
2,81,C2
11,47,C3
50,94,C6
31,54,C3
56,55,C6
79,95,C4
73,19,C3
87,62,C5
83,99,C6
9,93,C5
99,59,C4
21,65,C2
73,68,C6
28,28,C2
62,18,C4
7,26,C2
80,19,C6
16,55,C1
97,57,C6
4,6,C6
4,1,C5
40,8,C1
17,97,C1
52,51,C1
93,85,C6
52,88,C4
36,25,C1
38,47,C3
50,55,C2
63,64,C4
63,83,C3
62,93,C6
99,10,C6
7,56,C3
27,12,C5
92,33,C5
86,71,C3
14,17,C5
71,61,C2
86,10,C2
5,31,C6
55,60,C5
2,70,C1
62,17,C3
91,50,C2
21,37,C5
79,82,C5
21,62,C2
10,90,C2
87,80,C1
58,72,C5
39,88,C5
5,77,C4
65,29,C6
13,32,C1
85,88,C2
90,80,C2
85,11,C3
53,96,C6
82,6,C2
45,35,C5
32,33,C2
36,18,C5
81,37,C5
99,13,C1
60,74,C2
11,90,C1
63,81,C6
21,64,C5
52,1,C6
55,63,C2
26,89,C6
68,34,C6
34,10,C2
52,84,C1
82,7,C1
99,56,C5
93,80,C5
52,37,C2
29,29,C2
38,12,C4
42,17,C4
21,48,C3
42,84,C5
13,26,C6
64,83,C3
17,12,C3
9,21,C1
41,42,C6
1,61,C1
2,58,C4
60,54,C3
48,34,C4
29,7,C6
97,35,C6
10,15,C5
58,65,C2
60,90,C1
21,99,C5
28,25,C5
75,59,C1
34,79,C1
8,86,C6
59,6,C6
86,52,C3
72,79,C4
49,88,C6
79,21,C5
17,71,C3
60,93,C3
87,96,C5
88,32,C6
45,53,C5
83,59,C2
69,69,C6
32,62,C4
44,4,C5
65,86,C6
87,18,C1
8,99,C2
77,81,C4
72,56,C6
87,24,C1
43,66,C6
1,13,C1
51,62,C4
24,54,C2
99,15,C1
24,69,C3
17,3,C4
5,37,C4
20,37,C5
21,3,C2
58,63,C3
31,35,C3
11,52,C5
52,87,C1
15,28,C1
83,94,C3
7,18,C2
28,36,C1
51,33,C4
58,64,C6
5,26,C5
5,48,C2
94,40,C1
96,17,C6
8,40,C3
64,7,C5
10,57,C1
38,8,C3
96,56,C1
92,31,C5
81,59,C4
95,58,C4
8,12,C6
25,48,C3
73,31,C4
66,83,C5
79,63,C3
50,74,C1
67,39,C2
49,76,C1
36,20,C5
68,48,C6
78,71,C3
41,54,C1
89,78,C3
62,75,C4
10,71,C2
21,29,C5
36,74,C1
12,93,C2
91,73,C5
2,48,C5
13,74,C6
53,83,C4
32,56,C6
95,95,C6
16,17,C3
32,9,C3
32,97,C2
98,34,C4
11,45,C5
10,88,C4
15,9,C4
17,7,C2
40,16,C3
18,19,C4
55,6,C4
73,11,C4
25,76,C1
59,61,C4
78,42,C4
89,13,C5
22,12,C6
30,85,C1
84,74,C4
85,20,C6
44,50,C4
32,36,C2
51,92,C2
46,88,C6
21,69,C1
99,37,C5
32,12,C1
94,99,C1
39,40,C2
12,54,C2
47,2,C5
18,50,C4
21,41,C5
13,45,C4
21,9,C6
8,62,C6
46,86,C3
7,47,C2
23,5,C3
96,76,C3
75,1,C2
86,44,C3
22,22,C1
89,38,C4
22,19,C5
92,80,C2
29,31,C1
13,67,C6
82,87,C5
2,42,C5
29,82,C5
85,26,C3
79,13,C3
52,58,C3
27,18,C3
50,67,C1
95,87,C3
79,3,C2
23,55,C5
88,89,C1
44,91,C6
77,58,C3
22,63,C6
43,91,C5
37,52,C1
61,89,C5
97,24,C6
56,72,C1
3,9,C4
63,37,C1
19,94,C3
23,83,C6
29,53,C5
30,80,C5
39,24,C5
25,21,C2
8,40,C2
58,62,C3
16,70,C4
72,69,C2
1,14,C1
5,42,C6
3,50,C3
65,61,C4
4,4,C1
99,72,C5
96,88,C2
64,75,C1
98,17,C4
89,85,C3
10,57,C1
21,90,C3
46,48,C5
91,44,C4
27,45,C4
66,91,C2
41,80,C6
13,90,C4
9,33,C1
36,31,C1
86,47,C1
90,6,C5
58,72,C4
54,71,C4
12,34,C1
81,53,C2
78,14,C2
14,16,C4
34,43,C4
53,73,C3
20,74,C4
75,81,C1
16,12,C6
95,70,C5
70,19,C4
56,41,C4
83,53,C1
58,29,C3
4,70,C6
4,59,C4
20,89,C2
10,64,C2
24,24,C2
99,89,C5
26,16,C5
37,52,C6
85,80,C4
54,6,C4
21,37,C4
74,85,C5
38,4,C6
46,98,C4
4,92,C1
60,38,C3
57,41,C2
45,92,C2
20,81,C1
17,14,C4
71,71,C6
4,86,C6
93,51,C5
14,65,C4
3,93,C6
88,52,C4
80,95,C2
58,30,C2
55,57,C5
4,79,C2
24,82,C4
34,99,C1
30,30,C5
82,98,C1
19,42,C4
31,11,C5
60,27,C1
60,24,C5
19,99,C4
49,39,C6
63,72,C5
83,18,C6
22,77,C4
24,45,C5
76,88,C5
30,87,C6
58,12,C2
31,49,C6
64,94,C6
19,31,C6
48,92,C4
45,22,C3
94,44,C6
55,92,C5
55,64,C1
97,77,C2
18,25,C6
63,51,C6
92,7,C2
47,6,C6
75,24,C5
57,19,C3
45,83,C6
33,9,C2
17,36,C6
70,40,C4
4,93,C5
20,24,C5
47,48,C3
91,63,C4
15,69,C4
70,53,C3
47,54,C1
78,42,C6
75,45,C4
9,90,C1
90,14,C1
16,29,C5
69,6,C6
61,7,C5
10,37,C2
50,53,C5
3,18,C4
77,87,C4
94,38,C6
70,59,C1
81,1,C4
51,68,C5
19,44,C5
42,47,C6
35,35,C5
46,87,C3
26,91,C6
69,60,C6
93,90,C4
64,52,C6
37,8,C2
84,80,C4
49,41,C4
21,3,C3
74,96,C4
64,69,C1
5,84,C5
70,14,C5
90,96,C6
4,26,C3
39,70,C5
35,58,C1
1,40,C3
24,51,C2
57,5,C5
70,77,C4
41,32,C1
54,80,C1
46,1,C5
60,77,C6
60,54,C2
57,11,C4
31,53,C2
84,8,C2
24,25,C5
89,40,C4
36,32,C5
85,88,C5
30,28,C6
24,78,C1
30,3,C6
86,91,C6
92,84,C5
7,79,C6
35,62,C6
55,27,C3
92,45,C4
14,92,C1
10,25,C4
80,61,C1
16,44,C3
54,97,C5
95,46,C1
89,14,C1
77,8,C1
70,48,C3
44,14,C4
73,65,C3
45,80,C1
56,82,C6
84,7,C1
82,79,C6
57,88,C5
21,49,C3
68,55,C6
50,13,C3
33,73,C2
91,56,C4
7,56,C2
70,15,C6
15,57,C2
82,58,C4
32,35,C6
75,88,C5
20,97,C5
88,16,C4
15,8,C4
48,93,C6
71,87,C3
21,45,C6
42,95,C3
26,40,C3
14,54,C3
57,14,C6
37,59,C1
58,94,C1
21,53,C5
82,27,C1
69,47,C1
3,80,C3
87,6,C3
90,55,C4
37,97,C3
88,44,C6
49,18,C4
19,16,C4
89,12,C1
85,20,C3
12,45,C1
61,64,C3
41,59,C1
33,93,C1
50,94,C1
68,90,C6
71,22,C5
86,97,C1
33,47,C2
81,29,C2
24,86,C2
61,45,C6
61,77,C4
98,9,C1
28,24,C2
58,15,C6
43,36,C4
41,13,C2
39,91,C3
86,44,C5
49,71,C1
17,72,C5
98,78,C5
70,76,C3
70,36,C3
98,61,C3
65,81,C4
74,40,C2
85,93,C1
5,27,C3
2,1,C6
22,34,C1
57,68,C1
66,88,C1
74,21,C3
98,33,C3
16,7,C2
51,65,C3
39,3,C3
86,51,C1
76,79,C2
88,95,C5
40,54,C3
38,80,C6
60,74,C3
59,93,C5
10,59,C1
99,6,C2
64,29,C1
63,17,C4
49,60,C3
64,22,C6
32,24,C4
7,81,C3
21,85,C4
20,51,C5
26,50,C3
68,11,C6
86,56,C3
15,71,C4
85,42,C2
79,39,C4
86,69,C3
92,48,C3
14,57,C2
27,21,C1
40,82,C2
58,99,C1
28,20,C6
26,15,C3
63,69,C5
66,77,C5
25,51,C4
3,76,C2
72,62,C2
44,85,C5
97,37,C1
42,6,C2
99,71,C1
6,26,C1
39,8,C1
52,73,C1
23,91,C4
89,4,C4
50,21,C5
43,31,C4
19,21,C6
69,25,C2
51,15,C6
11,35,C4
12,49,C2
74,43,C2
8,41,C1
24,37,C5
92,57,C1
41,42,C1
36,47,C6
85,92,C4
72,61,C6
55,14,C4
9,68,C6
47,53,C2
15,84,C4
48,34,C4
82,76,C6
42,97,C3
60,24,C2
84,20,C2
70,69,C3
12,30,C6
2,88,C6
7,7,C2
80,36,C6
3,38,C5
3,80,C5
27,52,C3
40,15,C4
33,46,C5
92,23,C6
1,12,C3
8,93,C5
32,44,C1
48,15,C3
4,93,C2
94,49,C5
70,21,C2
19,15,C3
32,14,C5
9,42,C2
12,80,C4
11,15,C4
46,63,C1
16,68,C6
1,27,C3
63,87,C6
21,93,C6
30,53,C2
13,52,C1
34,63,C3
4,73,C4
28,53,C6
95,57,C2
59,52,C6
27,43,C5
69,7,C4
25,42,C6
3,4,C5
97,69,C5
68,5,C2
25,75,C2
20,92,C5
34,80,C1
26,41,C6
5,94,C5
99,4,C5
61,2,C2
92,67,C6
93,21,C3
9,70,C4
50,43,C2
6,82,C6
83,69,C6
60,9,C1
44,84,C4
11,28,C2
66,26,C2
47,82,C3
73,83,C1
85,3,C1
88,73,C6
98,95,C6
86,49,C2
3,17,C3
76,63,C2
92,55,C5
30,23,C6
90,34,C5
21,69,C3
28,15,C2
90,47,C6
62,3,C3
33,83,C2
85,28,C2
35,3,C5
52,4,C4
34,88,C1
41,31,C6
51,45,C1
47,59,C3
82,45,C1
58,75,C5
75,37,C4
57,65,C6
23,9,C2
48,17,C2
22,65,C5
17,3,C6
69,26,C1
11,53,C2
94,31,C1
15,26,C5
91,23,C2
35,30,C3
33,10,C4
84,72,C1
16,89,C6
34,64,C1
66,22,C1
99,15,C1
40,56,C5
28,74,C5
47,20,C6
39,47,C5
70,87,C6
73,53,C6
20,53,C5
1,1,C2
72,2,C5
87,58,C2
63,19,C3
67,62,C5
4,78,C3
58,72,C5
25,12,C3
47,26,C4
38,27,C3
15,29,C2
63,15,C1
21,46,C6
99,1,C3
57,60,C1
53,92,C4
46,57,C4
14,3,C2
76,18,C2
17,52,C3
39,60,C5
9,34,C4
99,96,C1
77,93,C5
79,89,C4
82,60,C3
97,26,C4
6,72,C2
91,19,C1
23,22,C1
59,93,C2
91,33,C5
98,38,C2
46,35,C1
38,67,C3
14,83,C5
72,10,C6
62,91,C4
35,15,C6
19,11,C3
30,90,C6
78,24,C5
84,77,C1
25,96,C1
40,4,C3
88,13,C6
14,73,C5
26,57,C4
87,98,C6
22,37,C6
48,48,C4
83,71,C2
51,1,C3
3,60,C5
42,12,C3
19,21,C4
73,11,C5
28,44,C1
84,58,C1
45,44,C5
71,78,C3
78,98,C3
63,34,C1
73,25,C1
19,4,C4
47,64,C5
14,90,C3
38,16,C4
53,10,C3
61,66,C1
36,35,C5
40,83,C2
81,6,C5
30,19,C6
9,59,C2
64,53,C4
33,8,C2
52,78,C2
89,10,C4
14,67,C5
75,38,C4
53,29,C6
99,15,C1
59,87,C1
78,23,C2
94,82,C4
41,46,C4
68,83,C4
68,28,C6
92,26,C6
8,10,C5
2,47,C3
86,4,C3
41,55,C3
55,66,C5
16,67,C4
93,7,C3
62,55,C4
48,80,C2
30,31,C3
12,74,C2
35,19,C5
11,28,C1
64,81,C6
50,28,C5
85,19,C5
21,87,C5
69,20,C3
48,13,C2
20,77,C6
67,43,C3
44,11,C1
33,48,C6
73,15,C5
61,17,C4
9,54,C1
68,50,C2
35,28,C1
81,83,C3
98,4,C4
88,22,C3
96,86,C6
65,39,C5
8,34,C5
45,97,C1
87,44,C5
47,42,C5
40,40,C6
76,97,C2
54,12,C2
76,2,C3
46,28,C3
47,74,C2
15,86,C1
19,81,C2
26,90,C3
52,67,C4
93,71,C5
22,72,C6
21,84,C4
51,76,C4
38,99,C5
20,81,C2
29,92,C1
51,10,C4
4,86,C1
55,57,C6
71,97,C6
92,86,C6
28,37,C3
4,77,C4
22,91,C6
76,64,C3
45,79,C6
67,86,C2
86,94,C4
66,40,C3
88,98,C6
34,60,C3
91,98,C6
55,48,C2
1,99,C1
72,19,C6
87,72,C1
38,33,C4
6,44,C2
86,92,C4
25,37,C1
82,89,C2
17,36,C5
61,81,C2
12,88,C2
6,21,C5
90,2,C3
27,31,C3
8,97,C3
83,30,C1
65,76,C2
57,44,C6
93,12,C5
99,51,C6
40,49,C1
14,24,C5
35,24,C6
48,60,C1
84,11,C1
56,13,C1
49,91,C5
13,72,C6
61,74,C6
49,72,C4
46,64,C1
62,20,C3
8,72,C2
43,73,C4
20,71,C4
97,78,C5
90,28,C4
39,2,C6
85,43,C5
49,8,C5
64,13,C3
62,85,C1
54,92,C4
9,35,C1
88,23,C1
37,46,C1
49,15,C5
41,2,C1
17,61,C4
88,76,C5
21,64,C4
51,52,C5
59,36,C2
39,67,C2
55,69,C2
41,67,C2
39,47,C5
13,83,C1
64,2,C3
11,44,C6
19,64,C3
11,81,C2
77,78,C1
46,28,C4
45,91,C1
1,54,C4
40,74,C3
19,67,C1
76,36,C1
72,63,C6
72,25,C3
61,86,C1
12,48,C4
61,39,C1
33,47,C4
45,94,C2
90,21,C1
92,30,C4
69,92,C3
8,31,C2
25,26,C1
91,22,C6
46,21,C4
87,1,C6
30,37,C1
47,77,C4
87,85,C1
49,46,C2
47,9,C2
84,17,C1
82,47,C1
18,85,C5
66,95,C1
68,59,C1
94,54,C6
33,86,C6
36,12,C2
82,64,C6
19,6,C1
28,53,C3
40,16,C1
84,90,C5
97,5,C4
76,73,C2
15,46,C6
41,14,C3
39,44,C4
2,63,C3
63,94,C2
29,52,C6
74,26,C5
66,53,C2
51,29,C3
75,19,C3
77,47,C2
10,8,C1
14,23,C2
82,35,C6
51,95,C6
73,53,C5
39,99,C2
28,96,C4
3,58,C6
84,5,C6
70,16,C6
27,17,C1
2,32,C4
93,96,C2
38,52,C1
3,20,C6
16,66,C4
94,84,C4
40,82,C1
2,1,C6
81,58,C1
41,93,C3
12,93,C6
35,83,C1
65,44,C2
55,6,C6
45,50,C5
79,72,C6
90,88,C3
85,20,C1
62,14,C5
49,5,C3
95,41,C2
25,40,C6
23,34,C5
24,80,C1
38,45,C1
28,71,C2
21,80,C3
54,71,C5
18,27,C2
36,78,C3
99,78,C4
45,44,C4
73,33,C3
53,33,C1
30,44,C1
60,20,C4
98,36,C1
32,7,C1
67,32,C3
67,67,C6
28,39,C3
44,93,C1
79,24,C3
41,86,C5
63,70,C4
23,88,C6
75,87,C5
48,54,C5
32,38,C1
57,74,C1
33,80,C5
24,75,C5
39,32,C2
34,45,C2
56,61,C4
28,70,C5
37,88,C3
7,97,C6
68,53,C2
37,51,C1
56,76,C5
65,56,C3
65,27,C6
47,38,C3
20,62,C3
19,18,C1
29,64,C2
74,77,C3
60,30,C6
18,49,C2
92,41,C4
35,13,C1
43,34,C2
95,94,C2
91,25,C3
11,66,C6
49,18,C3
38,5,C6
64,19,C1
69,42,C2
8,18,C5
34,32,C6
48,21,C6
56,10,C3
76,37,C3
65,49,C4
31,86,C6
4,13,C1
50,55,C2
69,17,C2
30,9,C2
88,88,C6
59,44,C3
67,78,C1
75,46,C2
45,8,C6
4,37,C5
26,19,C4
27,63,C4
46,92,C2
64,46,C3
91,94,C4
51,71,C4
50,26,C4
6,46,C4
59,46,C2
15,75,C6
30,14,C1
42,85,C1
37,63,C3
42,72,C6
35,3,C5
87,28,C1
6,29,C5
68,87,C1
18,18,C1
73,35,C3
29,77,C4
77,76,C3
59,47,C1
47,5,C6
17,75,C4
96,59,C6
22,75,C6
68,59,C6
69,47,C4
37,95,C6
49,95,C4
13,13,C5
34,78,C1
86,89,C2
53,33,C6
87,97,C3
51,62,C5
3,79,C3
42,16,C2
98,44,C4
32,58,C2
51,6,C3
85,89,C2
46,15,C1
21,4,C2
44,56,C6
11,64,C1
68,68,C6
1,94,C2
92,34,C1
63,91,C1
24,95,C2
99,56,C5
13,32,C4
98,9,C4
11,63,C4
51,72,C1
17,78,C4
99,33,C1
82,87,C5
86,21,C2
24,55,C2
19,76,C1
37,57,C1
85,2,C5
8,13,C4
28,4,C5
5,84,C2
17,50,C2
36,48,C6
19,78,C4
64,30,C2
91,29,C6
98,8,C1
11,12,C2
54,41,C3
45,26,C4
47,50,C6
12,2,C4
21,55,C4
11,56,C3
92,14,C5
5,6,C1
81,95,C4
56,81,C2
20,89,C1
41,61,C2
46,96,C1
12,12,C1
70,13,C6
17,19,C2
19,44,C2
26,89,C1
48,95,C4
52,59,C2
96,37,C3
70,25,C3
55,16,C1
75,38,C5
33,43,C1
62,87,C1
88,14,C4
23,6,C4
15,89,C6
27,23,C5
75,60,C5
64,12,C5
81,13,C5
51,98,C5
53,6,C1
78,63,C1
91,38,C6
82,50,C3
92,52,C3
51,40,C6
47,8,C6
4,61,C2
7,8,C1
35,97,C5
48,34,C2
73,79,C4
72,60,C1
45,57,C6
81,99,C3
81,46,C1
97,22,C6
96,87,C1
72,40,C1
19,45,C1
63,55,C4
38,51,C3
67,86,C1
59,5,C6
69,95,C4
13,13,C2
47,28,C1
61,84,C4
31,97,C5
80,80,C2
96,62,C3
22,93,C1
93,87,C1
86,24,C4
43,98,C3
67,7,C5
54,38,C2
10,37,C6
42,68,C3
64,98,C1
21,42,C4
80,86,C5
76,5,C4
66,64,C2
41,50,C3
24,87,C4
35,15,C6
56,95,C6
30,73,C4
57,53,C1
94,25,C4
47,89,C5
35,85,C3
19,9,C2
8,38,C6
26,22,C4
71,87,C5
30,49,C6
7,68,C6
67,93,C2
65,15,C6
36,65,C5
25,54,C6
37,30,C6
1,93,C4
15,20,C4
37,33,C3
13,86,C1
8,77,C5
5,7,C1
60,8,C1
73,28,C6
1,45,C2
36,73,C2
35,89,C6
66,80,C5
63,74,C1
23,11,C3
9,31,C1
34,12,C2
46,95,C1
78,78,C4
4,51,C4
30,44,C3
95,96,C5
75,50,C1
99,17,C4
72,35,C5
3,1,C4
14,29,C5
60,51,C5
77,64,C4
45,4,C6
96,87,C2
34,28,C5
45,16,C6
61,63,C1
83,76,C6
16,53,C4
66,85,C6
40,17,C2
17,40,C4
34,13,C3
16,52,C1
60,58,C3
66,96,C6
66,37,C5
90,79,C6
13,76,C5
56,61,C3
31,79,C3
34,34,C5
39,70,C2
67,17,C1
8,20,C4
87,73,C3
78,59,C1
55,69,C4
27,87,C6
93,33,C4
53,78,C3
39,17,C2
65,57,C2
17,83,C1
30,97,C6
53,1,C1
13,13,C5
21,27,C2
19,70,C1
53,59,C5
19,6,C6
57,97,C4
25,94,C1
86,99,C5
31,23,C2
81,10,C4
55,51,C1
23,19,C2
32,51,C4
62,92,C3
74,87,C2
10,68,C3
72,84,C6
54,83,C1
52,42,C5
20,91,C1
32,57,C2
14,98,C3
50,68,C3
28,38,C4
53,62,C1
24,7,C1
79,71,C2
22,50,C3
30,52,C2
63,26,C2
4,26,C6
77,19,C3
59,9,C2
87,61,C3
8,20,C2
82,50,C5
12,80,C2
31,81,C2
78,22,C5
34,13,C1
82,12,C3
98,10,C4
75,65,C5
76,96,C1
49,30,C2
79,8,C6
57,21,C1
95,22,C5
93,18,C6
26,66,C2
18,48,C1
96,44,C4
86,9,C3
38,67,C3
81,54,C5
87,26,C2
88,85,C2
50,94,C3
8,92,C1
41,26,C2
6,34,C4
69,8,C4
44,10,C2
64,48,C2
29,55,C3
28,54,C5
11,78,C3
65,40,C5
19,15,C4
9,81,C5
27,18,C3
34,96,C2
44,23,C5
68,62,C3
82,46,C4
15,87,C6
51,99,C5
13,39,C4
83,15,C4
49,53,C1
70,88,C6
56,64,C5
76,63,C3
51,92,C5
37,80,C5
17,16,C6
58,70,C4
87,66,C4
90,13,C4
29,47,C4
33,9,C6
60,63,C3
91,34,C2
89,81,C1
55,91,C4
10,29,C4
47,37,C1
23,43,C4
85,86,C2
21,64,C5
13,24,C1
33,71,C3
24,34,C1
11,48,C2
17,12,C6
68,23,C3
47,79,C5
25,97,C4
94,13,C1
73,87,C3
21,96,C1
84,45,C5
83,99,C1
83,65,C3
12,47,C2
37,58,C6
42,5,C3
17,77,C1
48,5,C5
28,60,C4
41,96,C4
99,21,C5
47,24,C1
18,18,C6
78,21,C5
99,54,C1
71,10,C3
13,24,C6
82,85,C2
13,89,C1
31,60,C4
2,57,C4
16,23,C6
9,22,C2
73,68,C1
38,34,C2
75,70,C3
54,28,C2
56,95,C3
86,99,C4
97,39,C3
87,42,C1
45,23,C6
34,70,C6
9,80,C1
88,2,C1
8,24,C1
7,17,C5
36,65,C3
18,70,C1
3,69,C6
28,60,C2
70,50,C2
44,93,C5
21,12,C3
28,47,C3
54,67,C3
54,65,C6
65,27,C6
21,48,C5
99,88,C3
13,62,C3
57,44,C1
49,19,C3
54,59,C6
10,8,C1
53,55,C1
44,47,C3
47,2,C2
53,94,C4
74,94,C6
46,39,C2
13,45,C3
37,32,C3
24,65,C2
2,38,C3
86,77,C6
81,11,C1
14,10,C5
10,59,C3
35,90,C3
25,55,C2
3,20,C1
17,81,C2
12,17,C6
54,68,C2
24,5,C3
29,60,C1
43,23,C6
25,46,C3
60,52,C6
90,10,C3
65,46,C3
84,28,C3
28,97,C5
16,43,C4
47,26,C1
81,55,C5
92,48,C4
58,29,C6
76,27,C4
27,18,C4
53,60,C5
42,74,C1
59,69,C2
47,74,C4
94,21,C2
34,24,C2
37,3,C3
6,95,C2
7,62,C6
96,2,C6
96,66,C3
25,42,C1
33,34,C1
55,42,C6
58,20,C3
7,97,C1
57,68,C4
12,45,C1
16,75,C3
80,42,C6
43,47,C4
77,5,C2
7,89,C2
51,49,C2
73,37,C6
32,34,C3
75,73,C2
8,70,C1
97,18,C2
87,78,C5
89,19,C6
72,78,C5
45,40,C2
86,17,C2
59,60,C5
4,99,C6
67,93,C6
29,42,C2
29,81,C6
98,72,C4
98,65,C6
28,53,C5
77,7,C3
79,5,C5
87,24,C1
44,28,C4
90,62,C3
4,17,C2
90,20,C1
9,3,C1
5,37,C4
56,90,C3
96,15,C1
84,51,C3
50,48,C3
75,8,C6
15,13,C1
32,48,C3
28,3,C4
22,65,C1
17,73,C4
59,31,C4
90,26,C3
71,81,C3
57,56,C6
26,34,C6
25,9,C1
10,62,C6
45,13,C2
83,69,C1
11,41,C4
77,77,C6
53,1,C6
72,89,C6
68,47,C3
95,4,C4
28,63,C6
75,52,C5
65,10,C5
49,28,C4
47,6,C6
52,27,C2
88,12,C2
54,62,C1
60,52,C1
57,48,C6
47,67,C1
31,46,C3
46,97,C2
26,74,C4
5,95,C6
84,15,C6
52,71,C5
75,36,C2
54,14,C2
33,78,C2
50,3,C1
38,67,C3
27,86,C4
98,19,C1
15,99,C3
96,76,C2
61,54,C3
21,69,C1
46,10,C2
69,33,C1
6,13,C4
38,99,C2
62,51,C3
86,32,C1
62,75,C5
82,24,C3
78,35,C3
74,83,C2
46,70,C6
13,40,C3
95,54,C1
94,44,C5
3,62,C4
94,99,C5
6,68,C1
93,33,C2
8,77,C1
44,56,C6
33,36,C6
81,54,C6
75,19,C3
77,43,C2
50,12,C6
11,11,C4
95,70,C4
28,12,C1
70,91,C6
41,41,C3
16,25,C4
68,3,C5
99,3,C2
48,84,C5
56,28,C4
64,23,C4
59,48,C1
90,67,C1
62,42,C6
76,88,C2
11,40,C6
89,6,C1
18,20,C3
19,11,C2
87,96,C3
55,27,C6
82,21,C1
26,13,C2
6,86,C6
4,35,C4
29,47,C6
59,86,C5
98,28,C4
17,21,C3
43,18,C4
80,31,C6
66,60,C4
34,37,C5
8,21,C6
13,14,C5
8,89,C4
94,91,C5
96,60,C4
94,23,C2
65,95,C4
43,29,C1
39,47,C5
81,30,C5
59,90,C3
84,84,C3
88,38,C1
86,83,C5
93,27,C5
86,89,C3
44,87,C3
9,93,C4
37,15,C6
74,59,C5
36,3,C5
92,10,C4
28,79,C5
42,80,C1
43,17,C3
85,83,C3
88,11,C6
42,48,C3
66,5,C2
55,69,C1
72,64,C1
48,14,C4
91,50,C2
22,26,C5
27,72,C6
93,69,C1
67,7,C2
13,16,C2
45,55,C1
10,78,C4
9,56,C2
54,4,C3
27,48,C2
34,17,C5
1,36,C1
32,70,C5
89,80,C4
93,93,C6
71,38,C3
67,62,C1
84,48,C2
20,10,C3
94,36,C2
35,29,C4
99,78,C6
91,4,C1
90,44,C4
78,56,C4
17,42,C6
18,13,C4
45,46,C4
93,82,C2
84,33,C5
53,21,C2
91,80,C6
82,79,C3
68,57,C6
65,69,C6
1,70,C6
58,67,C6
26,48,C4
20,76,C6
87,33,C3
10,36,C6
59,33,C2
75,31,C4
41,21,C2
5,27,C4
65,91,C2
17,72,C1
22,62,C5
98,96,C5
41,26,C4
93,66,C1
68,12,C3
69,22,C1
11,17,C4
56,7,C1
51,68,C3
21,37,C4
99,38,C5
76,96,C6
26,11,C1
19,1,C5
60,25,C5
71,42,C2
47,52,C3
71,24,C6
26,53,C1
40,56,C5
5,63,C5
21,81,C3
78,8,C6
4,59,C6
23,45,C5
84,27,C5
15,52,C5
93,18,C5
8,91,C2
41,86,C2
19,16,C6
46,66,C4
28,5,C1
91,82,C3
68,3,C4
15,91,C2
99,81,C2
37,80,C2
1,70,C4
67,7,C2
24,50,C4
27,14,C2
40,38,C5
63,79,C5
61,47,C1
36,33,C2
98,43,C1
93,91,C4
24,29,C1
24,57,C2
4,5,C4
67,93,C4
34,96,C5
57,60,C4
49,70,C4
87,2,C1
53,70,C6
23,43,C4
69,4,C3
95,56,C6
53,93,C5
62,59,C5
41,89,C4
57,9,C1
60,3,C6
54,90,C5
70,48,C5
57,43,C3
10,91,C4
40,96,C6
7,1,C5
38,57,C5
85,53,C5
61,16,C5
84,51,C1
3,75,C2
51,90,C3
86,55,C1
47,1,C3
68,90,C5
92,28,C3
76,53,C4
38,58,C4
36,73,C2
41,60,C2
69,59,C3
13,22,C1
87,8,C1
58,49,C5
50,42,C1
30,27,C2
62,39,C1
25,83,C5
27,25,C4
51,38,C1
78,85,C1
57,24,C2
47,24,C3
39,60,C4
16,83,C3
22,50,C5
85,66,C5
54,14,C3
21,53,C2
72,32,C6
16,96,C2
59,92,C6
31,48,C6
42,39,C2
74,40,C6
32,42,C6
59,77,C6
34,76,C4
9,8,C5
81,79,C6
11,26,C5
96,12,C5
10,43,C4
86,51,C5
17,91,C3
68,82,C1
48,63,C4
52,49,C1
25,27,C3
21,9,C2
65,39,C2
63,65,C6
89,71,C2
51,90,C4
36,71,C2
81,7,C4
88,72,C4
66,80,C1
15,67,C2
96,10,C5
39,71,C2
70,85,C2
1,53,C2
23,95,C6
39,87,C5
57,57,C5
81,91,C4
34,86,C5
41,27,C4
93,54,C1
73,4,C4
13,88,C2
70,23,C3
6,48,C3
84,83,C6
52,42,C2
3,3,C4
81,91,C2
63,3,C6
49,28,C5
76,63,C4
47,81,C2
55,31,C5
64,10,C6
65,49,C5
81,86,C4
67,94,C6
90,21,C6
15,53,C6
32,87,C1
96,76,C6
68,89,C1
18,54,C5
83,57,C1
43,20,C5
35,49,C1
78,7,C5
58,29,C5
33,48,C6
14,93,C6
34,13,C5
61,3,C6
4,2,C5
88,16,C6
59,94,C3
29,6,C1
83,45,C5
6,71,C2
97,5,C6
49,56,C6
40,71,C4
83,98,C2
65,32,C2
69,49,C3
27,13,C1
80,30,C3
6,25,C1
13,85,C5
64,60,C3
62,59,C4
99,85,C1
19,28,C3
76,58,C4
80,20,C2
43,34,C6
74,5,C5
89,82,C5
20,60,C2
95,43,C3
68,57,C6
44,57,C2
23,75,C4
2,54,C6
22,81,C1
57,45,C3
72,86,C6
7,37,C1
78,84,C2
56,48,C5
67,54,C6
16,48,C6
83,6,C1
51,34,C1
82,63,C5
80,78,C1
72,48,C1
97,23,C6
12,84,C5
53,13,C5
75,47,C6
5,44,C2
27,32,C2
12,26,C6
17,53,C1
6,14,C3
97,52,C2
5,36,C2
57,8,C6
28,40,C6
78,86,C3
69,22,C3
59,16,C5
33,91,C6
62,60,C2
50,60,C4
19,10,C4
86,25,C1
69,31,C2
66,21,C4
94,91,C2
47,81,C6
39,33,C2
68,31,C4
33,90,C2
13,21,C3
84,36,C1
54,65,C5
7,4,C4
79,68,C6
87,90,C5
14,4,C1
87,9,C3
19,30,C3
54,45,C3
93,4,C3
20,69,C4
29,23,C4
24,16,C2
82,22,C6
63,72,C2
74,48,C6
57,62,C1
8,97,C2
90,60,C1
62,80,C1
29,5,C1
74,80,C3
17,7,C5
66,51,C5
6,65,C4
58,9,C1
69,82,C3
28,45,C2
62,47,C2
41,67,C4
69,24,C4
82,92,C1
90,10,C1
84,73,C2
41,77,C2
49,48,C2
91,35,C2
49,54,C5
76,87,C1
71,81,C1
3,71,C2
10,16,C3
98,53,C2
89,40,C6
35,20,C4
80,88,C6
2,69,C3
24,45,C4
74,6,C3
38,92,C4
22,69,C2
26,49,C2
43,39,C3
55,2,C4
39,39,C5
91,21,C3
29,40,C3
20,82,C6
91,54,C1
41,12,C3
54,81,C5
20,37,C2
19,38,C4
84,15,C1
99,7,C4
66,78,C2
30,50,C3
53,65,C6
34,67,C5
22,44,C1
67,31,C5
6,43,C5
79,77,C5
27,48,C5
10,82,C2
73,81,C5
97,81,C6
96,61,C5
48,75,C2
70,84,C4
59,10,C2
59,29,C6
2,48,C6
29,98,C3
68,81,C2
65,62,C4
83,13,C3
26,44,C3
89,47,C1
10,64,C5
53,91,C3
79,53,C3
59,90,C6
22,92,C4
51,77,C3
48,76,C4
21,44,C5
22,28,C6
98,2,C1
30,57,C1
25,57,C5
28,34,C5
65,87,C6
45,58,C6
68,52,C2
7,29,C3
49,35,C3
9,75,C3
36,48,C4
83,33,C2
1,75,C3
10,73,C4
36,78,C4
73,9,C1
46,48,C4
32,67,C5
32,93,C6
6,83,C4
48,36,C5
38,96,C5
17,71,C1
74,92,C1
27,44,C4
54,82,C1
50,60,C1
35,63,C6
85,5,C3
25,87,C4
28,86,C4
15,90,C4
4,76,C1
93,40,C6
73,19,C1
27,47,C5
26,65,C2
19,67,C2
92,91,C2
17,18,C3
43,50,C1
41,30,C5
42,66,C5
50,5,C2
84,93,C6
40,97,C3
39,42,C3
23,84,C2
96,94,C2
52,5,C1
47,50,C6
63,85,C3
97,58,C5
69,79,C2
43,84,C1
48,8,C5
34,31,C3
40,12,C2
75,21,C6
61,94,C2
50,62,C6
67,91,C1
62,90,C1
58,33,C3
33,26,C6
75,90,C2
16,40,C1
82,65,C2
94,59,C3
48,15,C6
10,1,C2
82,11,C5
38,55,C2
19,2,C4
36,65,C4
59,95,C3
63,44,C3
77,16,C3
46,22,C5
3,18,C6
74,47,C5
65,81,C2
91,30,C1
8,10,C6
51,99,C4
81,58,C4
73,62,C4
6,85,C2
89,80,C2
39,6,C3
60,67,C1
28,41,C3
97,43,C2
54,85,C5
37,77,C3
9,18,C6
82,58,C2
56,60,C2
59,88,C5
85,27,C5
2,68,C5
61,22,C1
58,24,C6
60,40,C2
40,74,C5
36,66,C1
37,40,C4
79,6,C6
92,18,C4
18,81,C4
98,87,C2
63,30,C1
22,21,C1
11,62,C4
58,10,C6
57,13,C3
77,76,C4
4,9,C2
86,68,C4
7,39,C6
61,24,C6
54,34,C4
88,61,C1
68,41,C4
92,5,C5
79,79,C5
1,50,C3
55,4,C2
3,51,C2
78,52,C1
38,39,C2
1,8,C3
38,45,C5
85,88,C1
29,28,C6
5,27,C5
74,65,C3
92,34,C1
21,81,C4
71,62,C2
67,62,C3
47,38,C1
84,26,C5
83,24,C1
35,39,C4
68,21,C3
69,94,C1
1,47,C6
68,48,C3
12,13,C3
60,3,C5
27,32,C2
56,35,C6
23,19,C4
25,14,C1
21,48,C2
61,86,C5
63,81,C2
52,68,C3
88,45,C3
25,19,C4
55,64,C6
46,66,C1
32,79,C1
55,66,C5
96,75,C4
5,45,C1
36,87,C6
49,74,C3
58,67,C4
39,69,C2
80,3,C4
97,38,C4
85,77,C6
61,42,C6
9,83,C1
6,40,C5
35,50,C5
39,35,C6
22,24,C1
41,88,C1
5,17,C1
42,40,C6
87,74,C5
81,66,C1
76,44,C6
87,23,C2
80,6,C2
67,66,C3
30,21,C2
57,35,C4
86,29,C3
73,7,C2
29,93,C4
37,53,C2
87,37,C6
13,23,C4
32,97,C1
46,8,C6
23,76,C4
45,48,C6
17,10,C1
85,79,C4
66,24,C4
6,90,C6
18,47,C2
94,53,C4
22,39,C2
33,67,C4
30,66,C5
81,6,C3
32,21,C2
42,73,C2
78,74,C1
10,36,C5
36,3,C1
34,88,C5
73,86,C5
28,78,C6
11,42,C6
78,45,C6
39,44,C4
47,91,C1
19,33,C3
15,60,C5
28,86,C5
24,93,C2
72,83,C4
9,83,C3
47,70,C6
33,83,C5
62,77,C2
97,26,C1
19,86,C5
67,21,C2
74,2,C1
40,47,C4
47,30,C6
65,27,C1
29,71,C5
50,20,C3
98,50,C1
13,95,C3
1,23,C3
34,13,C1
93,81,C4
48,4,C1
77,14,C2
48,20,C6
49,13,C3
64,3,C6
61,90,C5
29,90,C3
39,82,C5
88,96,C2
26,78,C2
17,47,C6
71,3,C2
13,1,C1
69,90,C3
26,24,C5
49,35,C6
67,14,C6
7,67,C2
58,13,C2
49,47,C5
53,50,C3
65,78,C3
62,85,C6
17,26,C5
43,3,C6
25,51,C4
3,40,C3
79,68,C5
29,36,C5
32,51,C6
26,1,C2
16,33,C5
25,7,C6
54,52,C1
28,11,C2
73,27,C2
56,14,C3
65,86,C4
93,80,C3
86,46,C1
80,76,C6
41,10,C2
51,24,C2
71,61,C5
78,18,C4
29,86,C4
83,9,C5
19,17,C1
66,58,C4
41,13,C2
45,50,C1
15,6,C3
3,85,C3
11,51,C1
53,36,C2
46,71,C3
30,25,C6
57,11,C2
18,44,C5
51,14,C4
48,29,C1
66,74,C4
96,50,C5
8,5,C3
22,72,C6
6,69,C2
76,88,C2
57,57,C5
36,26,C1
79,6,C4
92,16,C6
57,60,C3
49,12,C1
45,75,C6
82,3,C6
66,63,C5
77,64,C5
45,62,C2
79,6,C3
20,19,C1
64,18,C2
93,80,C3
93,87,C4
67,43,C4
83,73,C2
3,3,C1
54,72,C3
78,38,C4
64,68,C4
40,76,C1
59,44,C2
55,95,C5
62,89,C6
4,80,C3
60,63,C4
75,42,C6
95,64,C6
96,54,C5
91,78,C6
30,77,C1
2,71,C2
62,76,C3
49,37,C1
9,4,C2
92,2,C1
31,99,C4
98,44,C4
61,67,C5
79,68,C1
48,76,C6
25,83,C4
36,74,C2
8,62,C5
73,1,C6
58,17,C3
45,16,C1
62,9,C4
39,53,C6
96,73,C2
58,59,C1
81,9,C2
99,12,C5
83,41,C4
64,15,C4
44,66,C5
29,75,C2
59,11,C1
71,8,C2
92,55,C1
9,96,C6
92,6,C5
6,53,C3
29,20,C1
58,39,C4
17,99,C6
16,72,C4
87,34,C6
95,57,C4
3,19,C2
21,71,C2
64,31,C2
90,82,C6
36,40,C6
86,14,C4
62,81,C1
42,37,C6
76,44,C4
42,9,C1
61,58,C2
13,20,C6
11,92,C3
54,50,C2
16,20,C5
8,36,C1
59,27,C3
57,72,C2
40,32,C6
59,1,C3
2,17,C4
94,9,C1
94,84,C5
76,45,C4
10,96,C3
44,66,C2
11,32,C1
79,45,C6
80,9,C5
81,30,C2
90,84,C5
2,38,C6
50,60,C1
12,1,C3
90,5,C5
23,63,C1
18,99,C5
62,36,C2
96,65,C5
62,78,C2
38,73,C2
67,94,C1
38,24,C4
67,4,C6
94,78,C5
61,89,C3
1,68,C2
94,25,C4
45,74,C2
96,99,C4
28,7,C4
21,13,C3
13,68,C4
27,43,C3
7,57,C1
22,36,C2
74,14,C3
53,82,C6
79,72,C2
79,96,C6
4,27,C5
96,37,C6
23,87,C1
70,71,C5
88,76,C5
84,25,C4
84,67,C6
76,90,C4
33,4,C6
28,79,C5
8,96,C4
1,93,C2
37,74,C6
63,85,C6
22,16,C4
70,19,C6
21,29,C5
96,51,C4
35,18,C4
79,58,C3
5,44,C3
60,16,C5
46,65,C2
50,2,C6
48,56,C1
6,79,C6
89,28,C1
56,65,C5
59,5,C2
29,22,C2
71,13,C2
77,65,C3
18,16,C5
2,86,C1
8,64,C2
75,32,C5
97,80,C6
54,51,C1
38,79,C3
48,58,C4
27,46,C1
20,52,C6
12,63,C1
43,76,C1
61,60,C4
31,65,C2
91,81,C6
96,55,C4
61,57,C1
74,92,C6
67,71,C3
91,73,C1
35,86,C3
95,26,C5
15,12,C3
16,71,C1
13,46,C4
35,47,C1
75,79,C1
59,38,C5
21,21,C2
54,14,C1
75,2,C5
30,72,C4
48,70,C5
35,33,C5
86,6,C3
38,90,C2
31,37,C2
78,14,C6
24,37,C4
49,8,C6
96,77,C5
32,13,C4
55,40,C4
79,92,C2
58,58,C2
99,18,C2
3,57,C1
80,83,C5
69,38,C4
85,32,C5
10,86,C4
83,66,C4
25,77,C6
68,87,C4
61,25,C4
29,92,C3
19,58,C3
43,75,C6
66,33,C1
74,88,C2
61,66,C4
43,30,C5
25,81,C3
20,34,C2
48,86,C1
83,69,C2
87,48,C4
24,40,C2
11,51,C4
98,80,C6
55,13,C3
28,90,C3
69,31,C4
63,39,C5
59,63,C3
5,48,C5
51,87,C4
21,48,C6
12,61,C4
50,12,C6
4,78,C3
42,56,C5
84,18,C4
38,27,C3
25,28,C6
14,82,C4
75,80,C6
32,52,C2
11,16,C6
61,77,C2
18,58,C3
27,93,C4
55,9,C3
54,26,C1
82,28,C6
87,77,C3
75,36,C3
21,9,C2
44,47,C6
5,78,C2
87,51,C4
41,76,C3
59,57,C6
89,32,C3
54,67,C4
74,57,C5
22,54,C4
83,16,C2
65,62,C2
64,84,C3
71,96,C2
4,56,C6
65,23,C4
15,17,C3
76,80,C4
22,38,C4
86,72,C3
47,83,C5
81,30,C2
93,58,C1
46,98,C1
14,78,C1
50,22,C2
20,17,C5
50,15,C4
33,48,C3
59,32,C5
43,77,C1
79,85,C6
12,40,C2
40,97,C2
20,57,C3
94,58,C6
38,91,C4
3,99,C5
28,16,C6
56,28,C5
90,98,C5
94,1,C4
13,41,C4
77,48,C4
66,31,C3
37,36,C2
49,33,C1
66,33,C4
36,82,C2
54,23,C4
26,60,C1
75,87,C6
72,79,C4
40,90,C2
43,30,C3
22,89,C6
20,45,C6
8,80,C6
29,39,C1
40,45,C2
90,78,C5
30,81,C5
81,12,C5
84,93,C3
55,32,C4
16,56,C4
46,24,C4
62,13,C3
7,20,C5
80,79,C6
45,56,C4
59,53,C6
56,68,C6
48,54,C3
27,34,C3
53,28,C2
87,50,C4
88,2,C5
73,94,C1
35,26,C3
51,51,C6
84,47,C2
37,26,C1
81,84,C3
95,92,C2
57,84,C6
8,75,C4
79,74,C2
95,61,C3
94,23,C4
20,37,C6
53,41,C5
12,52,C2
49,83,C1
17,82,C6
64,49,C4
42,27,C6
94,6,C4
29,74,C6
19,66,C5
11,24,C2
98,38,C1
50,28,C5
71,28,C2
58,66,C1
34,61,C6
20,46,C1
50,69,C3
88,75,C1
10,74,C2
32,43,C5
52,59,C5
15,2,C3
84,15,C2
3,37,C1
37,71,C3
40,20,C6
72,98,C4
40,35,C6
56,34,C2
23,86,C3
11,31,C5
64,87,C3
8,19,C4
93,68,C2
94,24,C3
56,84,C6
60,39,C1
10,92,C6
39,54,C2
28,39,C3
49,17,C6
36,19,C3
13,48,C6
96,35,C2
36,32,C5
26,47,C6
86,47,C1
4,64,C6
95,46,C2
82,35,C6
64,94,C1
38,17,C1
88,42,C2
87,29,C3
22,70,C6
2,17,C5
31,81,C1
11,14,C1
92,24,C6
46,57,C3
96,50,C6
62,57,C2
69,61,C5
64,39,C6
10,55,C1
40,96,C1
24,36,C2
99,37,C3
44,14,C6
60,27,C4
62,83,C3
87,31,C1
17,73,C6
65,81,C1
95,83,C5
95,44,C3
57,68,C4
55,48,C5
53,57,C4
56,75,C5
98,22,C3
9,4,C1
22,81,C4
13,72,C3
89,46,C4
48,59,C3
18,34,C5
76,11,C3
40,31,C5
17,11,C1
15,56,C5
15,38,C2
79,21,C1
63,94,C6
39,10,C6
13,26,C3
81,91,C3
32,8,C2
9,8,C3
40,60,C1
20,72,C1
90,34,C5
91,16,C4
85,13,C3
82,87,C2
77,76,C6
80,91,C1
73,22,C1
63,96,C1
76,27,C4
44,64,C4
38,2,C3
83,97,C6
60,26,C2
71,92,C4
99,83,C5
48,69,C4
18,97,C1
16,84,C2
55,30,C3
39,8,C4
68,38,C1
59,61,C5
89,81,C5
96,65,C3
62,67,C3
13,46,C4
81,90,C3
6,95,C6
83,72,C6
77,43,C1
60,59,C1
90,46,C1
14,72,C6
95,35,C4
54,39,C4
4,92,C3
39,51,C4
72,4,C1
25,80,C2
77,77,C1
32,84,C6
59,51,C2
63,5,C3
38,55,C5
92,20,C4
53,24,C4
94,36,C6
67,34,C1
28,54,C1
3,34,C2
98,83,C4
80,17,C6
22,5,C3
96,89,C1
38,18,C4
72,55,C5
72,53,C6
62,50,C2
57,72,C1
6,91,C1
78,79,C3
32,45,C1
99,13,C6
10,16,C4
3,86,C4
59,84,C4
76,13,C5
49,20,C5
59,66,C1
31,99,C5
93,47,C5
69,19,C3
62,45,C5
52,37,C2
89,54,C2
41,6,C2
31,14,C1
85,4,C4
84,86,C3
22,55,C1
4,34,C4
13,27,C3
45,7,C3
42,3,C3
49,47,C2
20,97,C2
77,2,C2
81,80,C3
54,25,C6
36,60,C3
97,79,C2
1,24,C3
15,15,C2
77,95,C2
17,14,C2
24,54,C6
58,78,C4
72,6,C3
91,78,C1
23,81,C2
46,18,C6
72,20,C1
8,62,C4
59,81,C3
90,80,C6
59,40,C2
13,39,C2
39,52,C2
28,32,C6
89,73,C1
61,27,C4
16,52,C3
2,97,C4
82,63,C2
17,74,C4
30,63,C1
13,17,C5
96,49,C5
93,81,C3
94,82,C3
82,23,C4
13,98,C3
43,72,C6
85,13,C1
94,23,C2
21,57,C2
55,62,C4
81,54,C2
40,20,C4
83,86,C3
15,52,C3
73,23,C6
52,35,C6
74,67,C1
95,34,C2
53,33,C6
87,46,C1
52,81,C5
30,45,C6
33,19,C1
57,94,C4
52,87,C4
9,15,C1
54,78,C3
1,66,C5
44,39,C1
99,18,C6
75,70,C3
98,59,C1
80,32,C2
9,21,C6
32,40,C6
15,92,C4
12,27,C2
97,2,C2
78,97,C6
57,80,C5
8,39,C3
72,86,C4
27,56,C2
62,13,C4
12,56,C6
65,66,C3
42,78,C1
62,56,C2
11,28,C3
43,64,C4
95,71,C6
17,82,C3
97,64,C1
32,56,C3
93,41,C6
85,41,C4
85,4,C2
40,57,C2
23,30,C5
56,88,C4
6,84,C5
86,46,C5
50,56,C6
37,31,C6
64,88,C6
54,7,C1
72,90,C4
49,77,C2
99,54,C4
11,8,C6
88,55,C1
49,69,C4
21,44,C4
66,13,C5
63,93,C4
83,20,C5
28,78,C5
17,32,C3
6,60,C6
19,50,C1
56,27,C5
28,25,C4
66,52,C5
38,68,C5
37,21,C5
68,18,C2
86,39,C2
90,15,C2
49,53,C2
43,38,C3
36,48,C5
58,52,C3
13,88,C4
52,72,C6
58,28,C1
32,85,C3
81,16,C2
60,16,C2
83,35,C4
58,17,C5
99,73,C1
56,99,C3
28,52,C5
1,93,C5
42,82,C6
82,12,C6
48,83,C3
40,48,C3
97,22,C3
63,49,C3
76,52,C2
72,79,C5
88,1,C5
80,66,C2
4,64,C5
38,8,C3
27,86,C1
9,25,C6
16,66,C6
56,73,C5
76,73,C1
31,77,C6
88,70,C1
14,94,C2
25,79,C4
34,51,C5
67,53,C2
24,15,C2
73,50,C1
26,71,C5
20,75,C2
64,38,C3
10,40,C2
83,66,C3
67,39,C4
24,74,C3
5,17,C3
67,7,C1
58,39,C2
27,68,C4
80,35,C2
15,51,C3
35,47,C6
76,36,C3
53,64,C2
44,95,C4
26,89,C6
47,13,C4
34,18,C1
87,21,C3
95,65,C3
50,8,C1
84,48,C2
12,85,C3
87,43,C2
4,53,C4
87,85,C6
48,27,C6
55,19,C6
1,23,C5
89,50,C1
66,51,C6
30,43,C3
3,99,C1
21,51,C4
89,69,C4
84,41,C4
49,72,C4
86,11,C5
85,80,C2
62,88,C2
97,85,C6
38,52,C5
15,23,C2
52,49,C4
79,38,C2
46,47,C1
25,72,C6
21,7,C2
88,66,C1
5,94,C3
70,77,C1
47,62,C1
87,87,C4
68,29,C4
91,38,C6
18,84,C4
21,33,C1
92,29,C5
99,79,C4
86,23,C4
23,3,C1
64,93,C3
67,45,C3
40,8,C2
10,86,C6
89,29,C3
52,2,C4
72,50,C5
75,65,C2
61,20,C6
64,52,C5
5,85,C5
53,37,C4
55,72,C1
37,27,C1
56,47,C1
59,99,C3
93,6,C1
69,60,C6
73,45,C4
59,44,C3
2,83,C6
65,18,C1
60,65,C6
51,25,C5
30,27,C4
11,7,C4
92,44,C6
76,29,C2
39,95,C4
90,44,C5
77,36,C4
72,19,C2
63,6,C4
64,25,C4
61,31,C2
54,9,C4
92,84,C6
94,74,C3
73,37,C6
95,27,C4
58,13,C1
85,41,C1
56,66,C3
34,85,C4
31,97,C5
52,24,C4
89,44,C1
76,98,C2
1,60,C3
55,9,C2
22,2,C5
40,56,C4
1,30,C5
65,22,C2
63,75,C4
54,81,C6
42,13,C6
21,71,C5
79,16,C6
81,97,C6
22,45,C1
38,65,C6
99,11,C1
80,70,C3
8,20,C1
62,99,C1
47,63,C2
17,90,C1
17,12,C1
90,62,C2
13,94,C1
17,92,C6
38,91,C1
81,42,C3
78,83,C1
45,69,C1
6,58,C3
35,5,C2
14,27,C6
72,28,C1
61,26,C6
15,91,C5
54,49,C6
27,21,C2
13,1,C2
31,92,C1
35,58,C3
60,79,C2
6,55,C3
69,81,C5
86,26,C3
58,84,C4
49,25,C3
23,77,C2
89,33,C3
34,89,C3
26,72,C4
47,69,C4
5,6,C1
90,23,C2
20,30,C1
6,78,C4
70,54,C3
59,87,C4
64,11,C5
18,31,C3
4,6,C1
17,11,C3
14,77,C5
78,12,C4
13,66,C2
7,53,C6
44,99,C2
15,36,C2
19,17,C4
63,28,C2
35,92,C5
81,22,C4
35,7,C2
19,15,C6
20,96,C1
35,11,C4
32,24,C4
48,67,C3
44,30,C2
24,70,C1
61,66,C6
17,61,C5
71,78,C4
50,41,C5
65,82,C5
99,51,C5
32,44,C3
36,95,C5
13,13,C2
70,90,C2
58,12,C1
14,82,C1
37,9,C6
79,85,C5
68,48,C5
40,49,C3
59,53,C5
80,56,C5
92,40,C5
16,24,C4
62,98,C4
4,72,C3
45,33,C3
90,23,C2
28,77,C3
96,54,C6
66,53,C2
31,49,C5
3,78,C3
8,78,C6
24,80,C3
15,49,C3
43,60,C2
31,90,C2
73,90,C1
45,65,C2
66,32,C2
8,79,C4
71,21,C3
57,18,C2
80,94,C3
99,60,C3
30,13,C4
74,24,C3
18,30,C6
69,2,C2
93,83,C3
39,25,C1
60,50,C1
98,14,C4
43,6,C6
45,76,C2
23,84,C4
69,87,C1
94,30,C6
6,30,C2
56,38,C3
4,58,C2
93,94,C5
23,41,C2
6,94,C3
32,57,C5
18,36,C6
15,64,C4
40,98,C6
96,16,C2
73,88,C4
74,78,C2
84,90,C1
6,72,C1
63,14,C3
67,31,C6
11,66,C1
43,68,C5
17,65,C5
96,55,C2
4,84,C4
63,78,C5
68,40,C2
81,25,C4
41,25,C1
83,3,C2
5,69,C4
32,26,C3
86,40,C6
70,38,C6
35,38,C3
22,68,C5
65,7,C6
84,94,C4
22,30,C3
11,19,C5
77,35,C2
3,33,C2
9,33,C4
60,78,C4
76,38,C4
87,10,C6
14,57,C4
97,28,C3
18,78,C3
73,38,C5
23,16,C3
74,21,C6
83,92,C2
47,97,C5
69,6,C3
47,41,C4
87,15,C3
30,3,C1
25,43,C5
28,47,C6
98,99,C3
25,14,C3
74,66,C6
78,29,C2
58,4,C4
94,26,C4
41,12,C2
25,2,C2
78,17,C1
99,35,C6
48,10,C5
98,86,C4
10,43,C2
99,21,C2
75,15,C6
11,35,C5
85,85,C2
21,85,C1
86,85,C5
45,60,C1
7,44,C3
81,96,C4
64,5,C2
64,73,C5
2,18,C1
76,21,C4
42,72,C4
82,98,C2
54,74,C4
75,51,C2
16,41,C3
18,24,C2
99,24,C6
59,96,C1
90,97,C6
16,38,C4
6,44,C4
57,57,C4
47,59,C2
48,34,C5
42,75,C2
76,95,C1
60,82,C2
77,23,C4
4,86,C3
2,43,C1
90,82,C6
59,40,C3
27,47,C1
27,41,C1
79,47,C4
72,20,C6
7,77,C2
63,65,C6
46,68,C4
63,24,C4
12,36,C4
13,45,C3
43,2,C6
17,28,C6
63,26,C1
81,23,C5
36,79,C2
85,36,C4
8,91,C6
69,6,C6
90,35,C1
80,38,C2
36,35,C5
28,74,C5
93,94,C4
47,53,C5
76,38,C5
30,93,C2
23,59,C2
16,43,C4
14,4,C6
74,5,C1
71,68,C4
52,45,C3
37,80,C5
29,25,C1
67,78,C6
15,11,C6
47,29,C2
46,34,C3
52,86,C6
19,14,C3
77,24,C5
21,59,C2
64,39,C1
37,26,C2
27,43,C5
55,36,C6
29,39,C3
20,61,C5
25,16,C6
70,59,C4
63,96,C3
36,6,C5
2,98,C1
22,56,C1
96,8,C6
16,94,C6
18,27,C1
69,71,C4
54,27,C2
30,89,C1
45,46,C6
19,41,C6
87,79,C4
34,25,C1
13,86,C4
43,18,C1
62,12,C2
93,87,C5
22,51,C1
52,39,C5
52,89,C1
36,10,C2
73,94,C6
19,74,C5
38,98,C4
70,77,C1
79,54,C6
57,29,C1
20,41,C4
9,9,C2
32,63,C3
4,77,C1
50,37,C4
82,14,C3
5,73,C1
20,72,C5
87,39,C6
75,40,C6
37,54,C4
22,3,C5
58,55,C2
68,33,C3
93,96,C4
44,71,C1
34,19,C6
77,34,C1
42,78,C3
9,50,C5
95,47,C5
7,46,C4
68,56,C4
19,57,C5
94,83,C4
31,51,C5
35,54,C3
57,90,C4
85,81,C5
61,28,C4
31,19,C1
83,27,C6
95,48,C1
53,19,C2
32,97,C5
66,51,C2
59,7,C5
10,29,C6
2,43,C4
66,69,C5
60,94,C1
88,58,C4
17,8,C6
96,42,C1
16,76,C4
16,42,C5
46,13,C5
39,26,C1
31,18,C3
88,42,C5
1,51,C3
11,84,C4
85,16,C3
4,3,C1
71,91,C2
26,79,C2
50,98,C1
12,45,C2
95,22,C1
81,23,C5
97,59,C3
75,62,C2
92,68,C5
96,54,C2
65,57,C4
47,23,C1
92,60,C1
53,73,C5
71,88,C4
2,85,C3
24,55,C4
4,80,C4
19,63,C6
26,56,C3
75,55,C3
40,25,C4
50,26,C2
43,49,C6
75,63,C2
67,45,C4
12,73,C2
67,79,C3
27,39,C3
54,97,C2
66,65,C3
49,69,C1
16,56,C3
2,9,C4
60,70,C5
54,28,C2
30,45,C6
84,26,C2
38,28,C3
28,40,C3
25,15,C5
96,6,C5
10,27,C6
60,38,C4
42,68,C1
40,75,C4
97,85,C6
77,64,C2
42,30,C3
47,82,C4
37,99,C3
80,3,C3
22,62,C4
57,12,C4
84,91,C5
27,30,C6
41,85,C6
80,38,C1
34,85,C5
32,60,C1
90,38,C4
89,15,C6
66,18,C6
12,52,C1
40,29,C2
73,60,C5
76,21,C5
90,17,C5
73,18,C6
10,57,C3
96,37,C6
98,60,C3
48,38,C6
20,12,C4
39,75,C6
60,84,C4
66,73,C3
65,1,C5
51,58,C3
36,3,C1
24,63,C5
27,21,C6
2,23,C6
31,9,C6
57,83,C6
78,55,C6
66,19,C3
29,62,C4
15,87,C3
12,91,C2
28,91,C3
84,39,C5
24,76,C6
21,27,C3
10,46,C4
78,34,C6
18,33,C1
88,92,C2
14,95,C5
34,96,C4
58,50,C2
76,20,C3
22,40,C2
70,99,C6
36,95,C6
45,58,C1
36,31,C2
22,38,C2
78,86,C6
80,45,C3
61,41,C3
56,9,C5
89,9,C3
96,63,C2
33,79,C1
45,77,C3
36,22,C6
20,16,C6
18,32,C5
38,66,C5
67,90,C2
23,14,C3
96,38,C3
16,98,C5
59,8,C3
69,21,C2
68,56,C1
21,46,C6
78,43,C2
95,92,C3
78,46,C2
70,48,C6
12,70,C4
16,84,C6
81,31,C6
87,33,C4
14,44,C3
61,71,C3
71,8,C1
46,73,C6
32,2,C2
15,17,C1
44,52,C3
17,45,C3
41,37,C5
54,42,C1
44,44,C3
98,81,C4
5,38,C5
27,99,C2
87,94,C5
78,6,C6
79,68,C6
43,51,C2
97,35,C4
31,58,C2
99,57,C1
17,73,C2
92,6,C2
83,13,C5
54,59,C4
62,86,C2
87,92,C1
32,30,C5
40,2,C4
13,58,C4
84,36,C3
35,72,C6
5,45,C1
73,9,C6
29,65,C5
70,77,C5
25,50,C1
95,79,C4
22,32,C2
66,98,C1
45,43,C5
69,95,C6
91,78,C1
89,54,C4
72,47,C3
1,14,C3
84,48,C2
44,55,C2
87,29,C4
96,47,C6
75,63,C2
39,19,C3
54,91,C4
88,9,C4
75,37,C4
29,92,C1
54,52,C6
90,57,C6
16,88,C2
99,28,C6
20,36,C5
46,64,C3
67,18,C2
65,89,C6
58,35,C3
53,68,C2
1,78,C5
81,39,C3
66,90,C5
29,8,C3
84,88,C1
70,80,C1
8,84,C3
29,15,C3
51,7,C5
33,17,C6
3,86,C4
60,86,C3
35,64,C2
69,12,C2
91,82,C2
76,56,C1
84,46,C6
20,47,C5
73,79,C6
39,16,C1
4,69,C6
19,2,C6
91,92,C2
45,54,C3
43,27,C2
13,31,C6
13,41,C3
60,36,C5
57,47,C4
86,43,C3
92,65,C1
52,50,C2
53,93,C2
86,1,C6
43,72,C6
83,57,C6
72,16,C6
72,28,C2
42,86,C3
90,82,C5
26,22,C3
23,41,C1
43,76,C2
77,19,C3
28,89,C2
9,50,C1
20,59,C4
56,69,C4
83,34,C4
39,39,C2
51,74,C3
12,7,C2
79,52,C5
95,60,C3
55,52,C1
78,79,C6
11,24,C4
26,26,C3
42,90,C3
27,90,C4
11,10,C1
38,17,C2
98,78,C2
43,2,C6
19,77,C3
64,27,C4
6,73,C5
46,71,C1
42,48,C2
92,74,C1
65,9,C1
99,86,C6
72,23,C1
59,71,C4
52,73,C6
47,27,C4
7,88,C6
11,93,C4
61,81,C6
68,84,C6
25,71,C3
12,43,C4
26,7,C3
12,92,C6
43,83,C2
51,63,C6
37,84,C2
46,44,C2
53,39,C2
88,40,C2
80,7,C4
13,70,C5
89,25,C4
54,59,C5
57,13,C4
4,86,C2
75,81,C1
96,86,C6
49,98,C5
7,62,C1
11,8,C2
92,45,C5
54,18,C1
87,88,C4
45,60,C2
23,60,C4
28,2,C4
57,66,C2
26,91,C5
25,14,C6
54,48,C3
29,56,C3
83,12,C6
97,96,C2
36,92,C3
14,55,C6
78,28,C1
35,89,C6
30,4,C5
92,90,C6
17,36,C4
67,50,C4
80,3,C2
30,1,C4
93,17,C1
45,71,C6
79,62,C1
89,48,C2
51,62,C4
47,69,C3
53,19,C6
64,34,C3
38,99,C5
64,49,C2
87,80,C5
89,47,C3
7,91,C3
22,50,C3
81,89,C5
82,26,C2
41,56,C6
74,78,C6
10,14,C1
57,78,C1
7,25,C3
50,4,C2
91,79,C2
52,32,C4
33,82,C4
1,78,C5
53,65,C4
60,61,C6
34,20,C6
4,74,C5
17,10,C1
4,88,C3
43,34,C2
90,61,C1
4,92,C6
1,27,C1
71,40,C5
94,65,C3
50,33,C6
73,68,C5
61,71,C1
35,9,C2
8,16,C4
24,5,C5
83,98,C6
36,23,C1
50,43,C4
43,89,C4
27,57,C1
32,51,C3
78,13,C1
18,24,C6
28,11,C2
29,52,C6
16,17,C4
99,37,C2
47,13,C5
59,62,C4
31,91,C3
4,84,C1
37,97,C5
17,96,C6
39,8,C2
48,56,C5
46,93,C3
90,83,C1
48,70,C5
39,44,C6
4,60,C2
30,41,C5
30,21,C1
22,86,C6
75,42,C5
66,74,C2
12,74,C1
94,29,C3
36,80,C3
18,65,C4
90,17,C5
53,30,C2
71,26,C5
1,53,C1
58,19,C4
90,53,C2
87,85,C5
90,17,C2
6,46,C1
70,85,C4
44,53,C2
72,64,C1
24,45,C3
86,49,C2
19,19,C4
18,71,C6
95,81,C6
30,65,C2
42,37,C2
33,70,C1
74,26,C5
12,2,C6
94,59,C5
27,96,C6
39,5,C2
9,37,C4
21,31,C4
76,76,C6
29,99,C6
33,94,C1
62,48,C2
15,6,C2
2,15,C5
52,15,C1
44,61,C3
54,16,C4
18,20,C4
3,77,C2
7,44,C1
43,42,C3
82,46,C4
38,95,C1
37,34,C3
58,64,C6
33,29,C2
59,3,C5
95,9,C4
11,75,C4
68,75,C3
82,25,C5
68,86,C6
98,42,C1
93,46,C2
88,73,C1
22,84,C3
66,59,C4
44,21,C6
6,74,C4
42,22,C1
25,29,C6
57,63,C2
85,73,C3
55,61,C2
16,64,C3
95,69,C2
14,40,C1
39,75,C5
28,1,C6
96,65,C3
92,62,C1
51,54,C4
49,60,C4
9,46,C2
58,5,C4
45,22,C5
22,90,C3
32,53,C2
69,70,C3
87,32,C3
69,11,C1
42,10,C4
53,39,C6
96,98,C3
59,31,C5
74,12,C5
39,80,C6
15,38,C4
71,67,C4
29,66,C2
3,52,C2
83,5,C2
10,11,C4
92,25,C3
29,35,C1
79,35,C6
35,22,C6
6,37,C6
12,86,C2
38,55,C1
77,75,C5
93,96,C4
19,99,C5
67,95,C2
8,72,C3
8,64,C2
84,20,C1
47,98,C2
4,4,C6
51,18,C3
85,51,C3
67,68,C4
45,20,C4
8,9,C6
87,80,C3
16,26,C6
77,25,C3
67,68,C1
9,41,C2
60,59,C4
78,45,C1
77,41,C2
71,38,C4
15,19,C6
71,14,C1
98,21,C5
41,15,C5
22,3,C4
24,37,C1
44,46,C2
1,16,C2
10,14,C1
80,9,C5
72,7,C1
56,14,C5
89,6,C5
50,85,C6
12,15,C6
89,52,C2
81,72,C4
60,34,C3
26,1,C1
78,96,C5
41,69,C1
36,94,C4
23,86,C4
43,20,C3
6,80,C3
69,7,C5
43,7,C6
25,50,C3
18,2,C6
62,47,C6
13,14,C5
43,31,C2
78,50,C6
28,61,C5
18,41,C3
59,14,C1
60,5,C3
63,75,C4
57,5,C3
92,64,C2
51,29,C5
56,75,C6
27,5,C4
32,96,C5
9,36,C5
96,79,C6
84,19,C3
92,64,C1
97,22,C4
68,34,C6
46,56,C2
98,17,C2
67,76,C1
26,89,C1
8,56,C3
6,17,C2
80,74,C4
24,92,C6
48,82,C1
94,18,C1
45,45,C1
13,96,C6
69,78,C4
25,56,C2
20,80,C4
82,50,C6
82,58,C4
66,18,C3
74,80,C6
45,81,C1
47,7,C2
63,76,C3
76,98,C3
77,10,C6
55,69,C5
75,85,C1
19,3,C2
35,83,C2
53,44,C2
26,99,C6
14,70,C1
45,14,C6
44,4,C2
88,18,C4
65,93,C4
51,99,C1
43,52,C2
86,38,C6
23,80,C5
56,20,C5
19,88,C5
82,99,C4
76,44,C6
55,51,C5
92,19,C2
92,68,C2
60,97,C5
59,66,C3
33,13,C5
19,62,C3
28,61,C1
52,30,C1
49,98,C2
37,30,C6
26,51,C4
99,88,C6
98,48,C2
99,33,C2
40,74,C6
80,82,C4
38,19,C2
77,71,C4
87,57,C2
54,19,C1
22,88,C3
16,79,C2
28,41,C3
35,42,C5
60,87,C2
45,52,C1
46,4,C4
72,4,C1
55,5,C3
86,41,C4
85,87,C1
26,61,C1
85,75,C1
25,55,C6
65,75,C4
6,13,C1
23,14,C1
64,60,C3
87,72,C1
43,25,C1
23,82,C5
96,44,C4
30,82,C5
77,10,C6
18,71,C3
87,50,C5
79,44,C6
97,14,C2
21,15,C4
57,16,C1
23,2,C5
91,30,C5
45,30,C1
44,82,C1
82,31,C3
88,77,C5
47,20,C5
40,49,C2
51,35,C6
42,23,C2
7,97,C5
50,99,C2
48,61,C5
84,84,C4
91,55,C3
6,67,C2
91,8,C5
9,40,C2
57,59,C6
31,32,C3
21,93,C4
90,7,C1
40,2,C1
45,85,C2
77,6,C5
49,92,C6
87,36,C3
20,32,C4
92,45,C4
17,42,C4
28,53,C1
41,9,C3
66,75,C1
25,87,C2
58,75,C4
41,49,C3
6,2,C4
75,67,C1
38,11,C1
6,50,C1
45,35,C4
75,15,C3
14,75,C3
66,31,C2
40,92,C4
3,62,C2
99,28,C6
97,96,C2
24,25,C2
19,84,C2
18,92,C1
64,25,C6
88,75,C2
35,83,C3
62,92,C2
1,1,C1
25,59,C5
45,69,C6
49,74,C5
98,42,C5
89,34,C6
16,66,C4
98,18,C3
93,77,C1
19,5,C6
23,20,C5
83,66,C1
25,75,C1
16,62,C4
54,94,C5
73,96,C2
1,32,C1
42,58,C5
19,50,C1
97,38,C4
34,55,C4
80,28,C2
55,74,C4
18,86,C5
34,81,C6
89,22,C4
45,43,C6
6,83,C2
21,81,C3
70,88,C1
96,36,C1
48,96,C5
39,52,C2
31,36,C2
10,28,C2
30,78,C1
18,58,C4
60,36,C1
88,70,C1
73,9,C1
95,21,C4
15,64,C3
4,76,C5
63,61,C3
40,94,C3
9,95,C1
9,40,C3
26,56,C1
4,4,C1
81,31,C5
16,27,C2
15,58,C1
99,25,C3
52,69,C5
69,70,C6
5,5,C6
20,91,C6
79,8,C3
18,9,C2
2,15,C4
93,7,C2
13,96,C5
4,72,C2
42,15,C6
74,37,C2
61,83,C5
95,39,C5
8,6,C6
67,83,C3
63,57,C1
9,92,C4
94,81,C4
11,19,C6
99,63,C4
42,31,C2
13,75,C5
36,79,C5
13,10,C6
12,87,C5
37,67,C1
74,62,C5
73,3,C5
52,18,C2
71,25,C3
2,20,C4
56,58,C2
60,93,C2
23,86,C2
40,50,C4
64,79,C6
85,10,C2
23,21,C3
29,29,C6
78,96,C5
90,10,C3
51,13,C6
69,47,C5
95,23,C5
89,50,C2
31,87,C2
50,95,C4
20,4,C1
55,67,C3
81,85,C4
2,53,C4
25,2,C3
13,68,C6
92,65,C3
70,79,C5
67,57,C1
58,97,C6
99,70,C2
82,7,C1
75,19,C1
84,44,C2
64,63,C1
69,65,C6
83,39,C6
86,83,C6
59,26,C4
60,44,C4
83,12,C6
62,22,C2
16,77,C2
88,92,C3
68,14,C3
15,86,C6
89,30,C1
55,44,C1
35,84,C2
55,91,C1
14,38,C5
49,59,C4
83,42,C1
7,52,C1
30,63,C3
83,61,C5
49,34,C1
89,39,C4
16,41,C1
51,37,C2
72,65,C5
82,79,C1
92,32,C5
80,8,C1
83,97,C4
42,18,C4
17,45,C5
63,93,C6
45,96,C3
77,33,C3
7,5,C2
27,82,C6
10,74,C3
34,36,C5
36,97,C3
25,23,C2
6,40,C1
24,5,C3
18,34,C5
87,24,C5
6,17,C2
29,95,C2
25,71,C4
55,81,C4
81,92,C4
46,22,C1
24,15,C5
75,15,C4
26,25,C5
98,53,C2
28,21,C1
3,66,C2
75,91,C5
38,32,C6
61,21,C6
78,68,C4
51,44,C6
90,83,C2
48,66,C6
21,90,C3
54,98,C1
56,14,C5
94,15,C4
59,20,C2
72,34,C1
51,36,C4
20,83,C2
96,9,C6
86,71,C5
59,30,C3
71,77,C3
9,91,C6
1,63,C5
29,35,C1
63,13,C5
72,79,C6
56,46,C2
68,56,C1
35,9,C3
3,87,C6
7,36,C2
27,3,C6
1,98,C4
91,19,C4
80,28,C4
71,23,C3
44,7,C5
87,76,C1
41,14,C3
75,46,C2
42,15,C2
33,67,C4
50,15,C1
63,51,C4
37,88,C2
59,8,C2
81,69,C5
99,62,C5
48,51,C5
5,63,C4
48,68,C6
96,78,C1
3,16,C5
47,84,C3
62,24,C5
99,6,C4
14,57,C1
63,31,C5
61,6,C1
31,99,C3
95,79,C2
17,29,C1
24,67,C6
23,75,C5
82,3,C4
50,28,C6
78,74,C6
79,97,C4
79,48,C4
70,80,C4
27,10,C6
15,33,C1
50,67,C4
36,69,C2
8,12,C6
79,57,C6
3,44,C6
62,13,C3
47,24,C1
77,44,C1
98,57,C4
88,96,C6
96,16,C6
61,96,C4
32,21,C1
94,76,C4
13,51,C4
1,21,C4
34,60,C4
62,51,C4
79,21,C5
78,6,C5
93,73,C6
98,65,C6
82,76,C5
71,58,C1
93,78,C3
31,6,C1
64,65,C6
25,86,C5
38,34,C1
14,56,C3
8,75,C4
91,3,C2
54,42,C5
2,62,C5
81,6,C3
78,6,C4
89,63,C4
56,20,C2
94,21,C4
93,2,C3
84,90,C6
85,95,C4
61,90,C6
22,56,C6
35,96,C3
16,10,C5
50,87,C5
43,70,C5
17,23,C1
80,92,C5
58,30,C3
2,78,C2
4,37,C4
85,55,C5
39,96,C1
98,49,C6
94,34,C1
6,44,C3
81,22,C2
89,31,C5
69,7,C5
69,21,C1
20,16,C3
64,20,C1
16,43,C1
51,44,C2
37,47,C3
73,19,C2
69,48,C3
42,96,C5
57,79,C4
66,69,C6
9,11,C4
86,79,C3
64,29,C4
86,45,C1
22,68,C5
34,36,C6
55,48,C6
29,87,C6
38,15,C5
97,44,C4
18,67,C6
71,96,C6
65,74,C3
97,40,C1
1,86,C3
88,14,C4
4,63,C5
4,81,C5
82,85,C3
27,51,C2
43,79,C3
59,58,C2
32,15,C3
33,65,C2
28,88,C2
55,55,C6
60,76,C6
70,10,C2
62,42,C2
80,95,C1
34,11,C2
87,16,C6
88,73,C2
56,78,C5
13,19,C1
56,31,C2
18,73,C6
54,53,C6
77,90,C4
43,8,C6
39,24,C1
61,8,C6
42,83,C5
81,48,C3
79,30,C5
18,58,C5
23,86,C1
54,55,C1
30,73,C4
98,62,C6
58,48,C4
68,4,C1
67,37,C6
71,8,C1
18,1,C1
7,92,C3
40,70,C5
70,47,C4
86,75,C4
65,5,C2
68,50,C3
49,24,C1
52,47,C1
29,18,C3
21,84,C6
90,28,C4
78,77,C1
9,5,C2
47,30,C4
76,1,C5
42,86,C3
51,82,C4
56,46,C5
51,69,C2
70,31,C6
20,70,C3
88,91,C6
27,56,C1
38,89,C6
72,93,C1
65,28,C5
54,16,C4
24,54,C2
47,53,C5
71,12,C2
83,20,C6
86,82,C2
63,34,C6
57,53,C2
55,64,C3
60,23,C5
99,27,C3
62,17,C4
30,48,C4
93,21,C1
22,50,C1
75,40,C1
84,95,C4
29,3,C2
41,17,C6
42,61,C2
98,50,C5
65,90,C4
31,87,C6
30,6,C6
18,28,C6
17,72,C1
38,55,C6
14,58,C6
87,45,C4
89,72,C2
79,19,C2
56,29,C3
22,23,C3
67,32,C5
56,10,C4
19,91,C3
57,49,C3
44,65,C4
98,29,C2
35,59,C5
1,45,C5
52,67,C5
85,51,C3
93,95,C2
70,11,C5
37,86,C4
65,82,C5
51,99,C1
1,6,C2
91,67,C1
21,62,C2
53,5,C6
16,9,C4
61,28,C6
54,83,C3
40,92,C3
26,91,C6
80,77,C2
92,38,C5
65,43,C1
74,21,C4
64,91,C5
43,62,C3
17,46,C5
59,70,C6
23,38,C6
7,49,C1
44,75,C3
53,81,C2
71,39,C4
79,71,C6
34,30,C4
46,21,C3
68,1,C2
78,89,C6
78,32,C1
16,8,C4
71,69,C3
96,30,C4
19,8,C2
2,19,C1
10,59,C2
50,55,C6
81,30,C5
12,79,C2
70,36,C2
22,55,C4
32,44,C2
84,27,C3
1,77,C6
54,78,C4
58,54,C4
70,48,C5
83,30,C6
18,39,C3
6,13,C6
45,16,C2
97,44,C5
23,71,C3
23,27,C5
26,45,C6
77,35,C1
7,79,C6
79,28,C2
44,99,C5
27,7,C1
26,62,C2
97,51,C5
79,46,C5
36,20,C6
55,96,C5
64,38,C5
91,61,C4
57,32,C5
69,26,C6
61,58,C4
2,39,C4
55,20,C1
97,82,C2
80,50,C4
87,79,C3
38,52,C4
80,86,C3
78,22,C1
29,53,C3
26,85,C1
35,66,C1
79,43,C1
67,82,C3
87,23,C3
29,77,C1
34,64,C1
97,9,C2
41,7,C1
41,41,C5
23,54,C2
71,65,C2
3,2,C2
58,4,C5
32,78,C2
31,32,C2
82,2,C3
43,64,C6
7,14,C3
1,20,C1
61,89,C1
14,49,C4
52,8,C6
96,92,C5
6,63,C3
10,46,C1
71,21,C5
90,87,C2
98,32,C5
30,8,C3
21,95,C6
60,16,C4
81,40,C3
97,27,C6
74,18,C1
63,35,C1
42,52,C5
51,15,C3
64,63,C1
76,53,C2
56,91,C2
80,81,C4
41,66,C5
32,31,C1
15,61,C4
62,64,C2
27,98,C4
28,34,C4
81,55,C1
64,59,C1
59,3,C1
58,17,C5
2,78,C4
36,78,C4
71,46,C5
13,38,C2
15,35,C3
89,1,C2
87,29,C5
60,4,C4
22,61,C4
63,97,C1
90,17,C1
97,28,C4
75,50,C4
74,90,C6
25,8,C1
48,34,C1
43,59,C2
38,18,C4
41,95,C4
45,59,C5
88,27,C2
40,16,C3
97,10,C3
17,76,C3
88,22,C6
57,16,C1
2,12,C3
96,75,C5
62,84,C1
88,51,C1
9,1,C3
68,27,C1
81,67,C2
17,12,C2
50,30,C3
94,9,C5
40,53,C1
58,61,C4
75,54,C3
85,37,C6
21,65,C1
18,42,C3
55,49,C3
29,4,C5
24,64,C4
74,79,C1
17,51,C3
18,91,C3
42,72,C1
84,60,C3
45,87,C3
82,79,C3
17,91,C2
73,31,C2
14,72,C4
49,94,C5
29,58,C1
95,82,C5
4,4,C5
82,22,C2
20,3,C4
47,79,C5
9,99,C5
77,47,C3
79,38,C1
27,33,C4
15,78,C1
92,48,C2
19,65,C5
90,26,C5
52,8,C6
26,50,C1
89,80,C2
26,38,C6
26,10,C6
46,42,C3
92,37,C6
49,26,C6
82,92,C3
96,12,C5
53,84,C5
3,49,C4
66,14,C6
97,46,C1
42,35,C5
19,29,C2
17,12,C1
33,82,C4
76,44,C6
49,66,C3
56,2,C4
63,59,C1
3,17,C3
49,10,C2
55,18,C3
26,22,C3
99,83,C2
72,58,C5
52,53,C5
7,1,C3
46,88,C3
46,61,C4
16,89,C5
24,31,C2
61,31,C6
54,66,C6
62,19,C3
1,53,C3
49,76,C6
25,74,C4
10,95,C4
80,22,C4
16,23,C1
58,87,C2
72,15,C1
29,26,C3
92,3,C4
6,87,C4
16,20,C6
20,40,C6
80,39,C4
71,72,C5
78,18,C6
43,41,C2
26,70,C1
90,27,C2
78,15,C6
71,37,C4
33,58,C3
26,5,C5
45,73,C6
84,7,C2
63,41,C3
67,84,C6
52,10,C4
68,62,C4
26,26,C4
75,68,C4
2,24,C6
14,78,C5
30,41,C5
49,65,C2
12,17,C6
90,24,C4
44,27,C5
33,7,C6
13,73,C3
78,99,C5
88,12,C5
98,85,C2
26,3,C5
21,79,C3
28,85,C4
48,10,C1
40,33,C2
66,46,C3
73,59,C2
87,52,C6
79,6,C4
77,2,C5
23,29,C6
81,40,C5
48,97,C3
2,61,C4
84,68,C1
20,68,C1
59,29,C5
46,62,C6
3,60,C4
55,84,C4
12,41,C3
40,87,C6
66,82,C1
78,89,C3
16,65,C2
83,64,C4
34,79,C1
44,63,C3
6,98,C5
77,48,C2
64,20,C3
22,37,C5
18,64,C1
12,91,C1
52,86,C2
94,5,C5
51,34,C4
71,39,C1
96,67,C6
48,81,C4
19,62,C4
6,88,C3
84,24,C3
27,3,C1
53,71,C4
48,89,C3
7,67,C5
59,79,C5
69,93,C5
11,50,C5
15,29,C4
64,74,C5
3,32,C4
69,87,C1
23,39,C1
53,9,C5
37,14,C5
9,68,C5
15,64,C1
3,20,C3
93,28,C1
70,14,C5
17,44,C3
26,98,C3
21,77,C2
72,95,C4
21,97,C5
11,39,C4
38,28,C2
72,64,C4
88,89,C5
35,32,C2
14,9,C4
14,28,C1
10,95,C3
12,17,C2
38,87,C1
34,77,C5
41,55,C3
10,10,C2
17,80,C3
17,6,C6
67,48,C6
62,75,C2
95,67,C2
1,92,C4
12,41,C3
4,79,C6
42,60,C6
13,77,C3
98,42,C6
85,81,C1
86,71,C6
4,28,C6
82,13,C5
69,81,C1
19,15,C4
2,36,C2
12,92,C6
81,15,C4
74,75,C4
98,56,C1
6,95,C2
8,4,C5
51,99,C4
11,98,C5
63,52,C2
57,91,C2
12,10,C1
73,94,C3
2,45,C6
8,84,C1
11,29,C5
53,53,C1
10,29,C2
85,23,C4
84,57,C6
8,50,C6
36,21,C3
93,43,C2
76,10,C6
14,76,C6
54,30,C4
85,51,C5
86,33,C5
21,18,C5
50,78,C1
94,22,C5
39,64,C5
20,21,C1
88,1,C4
87,15,C2
7,36,C6
9,47,C3
1,54,C6
26,86,C5
38,32,C5
38,58,C6
61,46,C6
44,54,C5
86,33,C1
44,39,C1
74,23,C1
62,43,C3
6,55,C2
17,2,C5
51,66,C4
38,38,C6
24,29,C6
51,67,C5
10,71,C5
72,36,C5
21,29,C6
70,37,C5
85,87,C6
57,45,C2
39,16,C4
88,31,C1
33,34,C4
59,50,C5
18,65,C4
56,82,C5
92,62,C4
57,43,C3
96,56,C4
76,15,C1
48,48,C1
42,49,C4
27,81,C6
74,44,C6
52,10,C6
42,20,C4
32,70,C6
26,8,C2
25,45,C4
75,34,C1
23,96,C6
98,51,C3
57,4,C6
52,39,C1
87,84,C2
93,24,C4
31,88,C6
64,55,C3
71,26,C1
33,25,C3
85,36,C5
2,71,C1
18,74,C5
47,58,C3
33,12,C4
98,1,C4
84,50,C4
35,25,C5
51,80,C4
18,5,C2
88,83,C1
72,68,C1
30,6,C3
44,26,C6
53,55,C5
10,39,C1
87,9,C5
52,45,C3
49,14,C4
11,55,C6
66,9,C3
58,15,C2
90,37,C4
36,50,C4
33,84,C4
47,72,C3
13,96,C2
40,21,C6
89,57,C5
68,19,C3
42,93,C1
19,58,C1
82,95,C3
94,6,C5
19,4,C1
58,43,C5
23,93,C4
54,42,C3
80,3,C4
65,1,C1
12,55,C5
24,15,C4
34,47,C1
53,85,C2
8,46,C4
18,58,C2
57,95,C2
5,71,C6
26,81,C1
30,83,C3
54,39,C5
13,3,C1
83,30,C6
29,35,C6
3,57,C4
90,29,C5
58,50,C6
76,62,C3
2,52,C1
75,14,C3
28,35,C4
82,28,C1
77,58,C4
86,30,C5
76,90,C5
2,7,C3
7,39,C3
26,95,C5
90,69,C2
88,35,C5
76,52,C1
16,14,C4
23,63,C5
40,36,C5
60,91,C6
73,24,C4
32,40,C6
15,29,C4
13,53,C1
5,22,C4
75,72,C3
74,15,C5
52,69,C4
77,64,C1
41,4,C4
53,75,C5
50,18,C2
15,42,C4
7,30,C3
40,15,C5
28,70,C1
32,55,C5
99,53,C6
15,16,C2
85,73,C1
70,34,C2
65,27,C2
4,13,C3
11,27,C4
26,73,C3
61,69,C3
37,86,C6
23,31,C3
93,3,C1
85,30,C4
91,21,C4
40,99,C1
77,6,C3
23,92,C3
16,32,C2
94,42,C2
61,62,C6
68,89,C5
80,32,C2
31,99,C4
53,86,C1
25,88,C3
44,39,C5
12,64,C2
90,30,C5
97,63,C1
92,96,C1
9,31,C5
12,87,C5
69,40,C6
54,33,C5
54,63,C3
28,25,C4
56,36,C2
99,24,C2
69,95,C2
98,58,C5
98,39,C5
77,46,C6
58,77,C5
78,10,C6
75,87,C6
42,82,C3
38,32,C3
68,97,C3
53,36,C3
33,28,C1
71,16,C3
56,16,C3
72,18,C3
51,8,C6
74,80,C2
43,75,C2
15,70,C2
38,1,C4
15,62,C1
5,76,C6
93,38,C5
83,92,C6
54,45,C3
51,58,C2
10,81,C6
12,1,C1
4,32,C3
95,8,C4
18,40,C5
80,56,C3
36,63,C5
25,88,C6
87,74,C3
76,74,C4
98,36,C6
36,89,C1
67,57,C5
9,74,C5
61,83,C1
53,45,C5
18,79,C6
43,80,C2
35,2,C1
63,93,C4
98,68,C3
78,50,C3
4,29,C1
93,95,C2
41,81,C6
45,10,C4
50,27,C3
79,15,C3
28,60,C6
42,31,C2
80,21,C5
76,60,C1
69,58,C2
98,41,C2
1,46,C2
39,45,C2
96,26,C5
90,51,C6
17,36,C4
91,52,C2
88,81,C2
35,51,C1
46,3,C3
42,14,C5
39,49,C2
90,77,C4
49,91,C4
62,1,C4
38,57,C1
23,17,C4
22,50,C6
4,98,C1
49,14,C5
59,59,C4
73,81,C3
68,3,C2
71,98,C5
87,40,C6
2,89,C3
49,66,C5
88,34,C6
95,90,C4
31,95,C5
40,9,C5
48,94,C5
51,84,C1
43,21,C3
98,93,C6
55,25,C4
88,44,C2
49,25,C4
90,9,C4
80,62,C1
57,26,C1
77,57,C5
15,37,C4
27,16,C3
68,37,C1
80,76,C6
64,24,C1
94,26,C3
30,20,C1
36,9,C3
67,87,C2
86,29,C3
86,31,C2
49,19,C6
76,20,C5
55,87,C5
85,27,C1
56,94,C3
68,85,C1
95,44,C3
44,35,C1
31,71,C5
58,22,C6
87,74,C5
53,87,C1
84,15,C3
79,94,C4
23,98,C6
28,13,C3
16,4,C1
37,82,C3
21,56,C2
79,23,C3
17,97,C5
37,98,C5
77,34,C2
19,99,C6
30,17,C3
45,28,C6
18,14,C4
78,34,C3
62,75,C5
36,57,C5
84,77,C6
52,97,C1
19,55,C5
44,66,C1
7,98,C5
44,93,C5
68,37,C4
34,68,C1
66,76,C1
69,26,C5
55,61,C1
10,92,C5
96,67,C5
42,84,C6
41,74,C3
77,52,C1
69,18,C2
10,53,C6
10,63,C1
91,53,C1
60,27,C4
51,31,C2
21,91,C2
8,1,C4
65,6,C4
92,11,C1
78,34,C3
85,84,C4
30,63,C2
85,53,C2
49,85,C1
9,85,C3
17,18,C5
69,21,C4
58,19,C4
57,4,C1
62,77,C6
95,82,C6
52,29,C3
61,25,C2
40,56,C2
38,77,C5
43,63,C2
63,27,C6
19,60,C6
50,83,C4
33,49,C5
13,65,C3
78,38,C5
97,83,C3
62,52,C6
93,1,C2
43,40,C1
49,81,C5
36,21,C5
10,86,C4
95,15,C4
6,50,C6
57,48,C3
1,32,C1
71,49,C4
58,68,C4
91,45,C2
21,32,C2
92,4,C6
80,65,C6
56,97,C4
87,71,C3
20,73,C1
54,65,C4
25,80,C3
28,18,C3
5,54,C4
21,47,C3
18,6,C5
47,66,C3
70,9,C4
57,68,C3
93,23,C4
19,43,C2
97,51,C4
65,72,C3
3,25,C4
42,80,C1
21,35,C4
99,17,C4
40,18,C1
67,27,C1
25,15,C1
55,81,C6
84,69,C5
52,80,C6
44,15,C4
98,42,C6
85,34,C6
56,48,C1
55,83,C1
87,8,C2
70,10,C6
77,5,C5
87,48,C4
73,26,C3
81,86,C5
66,23,C5
19,62,C2
83,13,C4
7,9,C4
63,20,C1
42,92,C1
42,57,C5
59,24,C2
20,33,C4
73,20,C2
17,60,C3
27,48,C4
47,64,C1
2,30,C5
63,73,C2
62,17,C1
19,14,C5
17,19,C1
69,71,C4
39,59,C2
82,67,C3
71,97,C6
81,44,C1
39,32,C6
36,11,C2
40,2,C4
45,90,C1
4,68,C4
25,17,C3
69,81,C3
30,92,C5
76,94,C5
68,40,C5
88,87,C4
29,46,C5
73,88,C2
68,93,C6
51,4,C6
24,38,C4
14,63,C4
69,29,C5
18,19,C6
42,91,C6
57,29,C5
83,35,C4
12,70,C3
82,23,C3
17,46,C5
30,44,C3
88,48,C2
75,52,C2
99,8,C2
23,55,C4
81,66,C4
1,77,C4
79,40,C4
32,85,C4
9,31,C5
15,48,C3
28,61,C5
24,52,C3
60,38,C5
35,91,C2
86,36,C1
27,87,C4
83,55,C1
76,85,C1
20,13,C2
65,37,C1
85,47,C1
49,90,C2
1,71,C3
10,22,C5
47,39,C6
59,87,C1
96,58,C4
62,30,C2
86,18,C1
18,18,C6
46,74,C3
32,39,C3
27,94,C6
92,26,C4
18,71,C1
39,7,C4
49,69,C3
93,65,C3
82,46,C5
44,18,C3
72,13,C2
54,25,C5
95,8,C4
34,74,C3
71,32,C6
36,17,C2
18,79,C5
38,79,C2
59,48,C5
9,63,C5
73,40,C5
72,84,C6
51,15,C4
35,99,C5
82,6,C5
5,94,C2
14,63,C5
92,8,C4
30,95,C6
4,32,C6
39,45,C2
84,52,C5
64,79,C2
25,82,C6
28,13,C4
76,24,C2
66,40,C4
78,14,C3
22,92,C5
31,75,C4
23,70,C5
48,62,C4
20,89,C1
38,61,C1
55,1,C1
68,89,C4
79,66,C6
88,32,C6
89,13,C5
1,33,C1
7,32,C5
57,56,C4
95,24,C5
12,91,C5
5,4,C1
50,88,C6
42,23,C2
12,29,C3
18,98,C4
66,21,C4
74,30,C4
79,90,C3
94,20,C2
17,16,C6
68,67,C5
71,49,C6
62,58,C4
41,44,C5
95,25,C1
34,23,C6
70,59,C1
45,1,C1
58,97,C6
51,15,C4
34,81,C3
44,98,C4
15,81,C1
78,52,C1
70,58,C4
50,41,C3
32,44,C3
67,4,C5
3,77,C2
86,68,C1
86,7,C3
74,46,C6
51,9,C1
67,87,C2
76,33,C6
93,33,C1
48,84,C3
17,4,C5
7,65,C4
13,34,C6
66,91,C4
4,85,C3
10,88,C3
88,79,C6
17,99,C2
52,64,C6
6,25,C1
83,55,C2
69,9,C4
96,17,C1
74,21,C2
9,60,C4
91,13,C1
77,3,C5
83,68,C6
21,4,C6
24,92,C6
4,7,C5
24,26,C2
59,75,C3
99,24,C1
3,10,C2
68,13,C3
40,44,C6
48,39,C6
54,19,C6
35,51,C3
95,19,C1
56,76,C1
89,52,C3
40,86,C4
77,47,C6
68,30,C2
46,46,C1
78,76,C3
13,93,C4
27,21,C5
6,75,C3
17,48,C4
36,62,C5
99,58,C4
81,18,C1
2,59,C3
77,91,C5
52,48,C4
66,63,C5
52,12,C2
92,87,C3
43,34,C1
90,61,C5
22,87,C6
55,53,C4
67,25,C6
99,62,C5
60,4,C6
58,94,C4
12,94,C5
88,13,C1
69,42,C1
84,49,C3
39,78,C1
13,56,C5
41,47,C5
57,8,C1
53,55,C2
12,88,C5
13,18,C3
74,35,C2
97,89,C1
57,81,C4
40,32,C5
80,24,C4
45,7,C6
35,13,C3
3,91,C2
5,69,C4
90,90,C3
11,42,C4
71,31,C4
56,74,C3
10,26,C5
34,86,C4
67,76,C3
72,32,C4
31,91,C5
75,97,C3
71,52,C4
66,20,C1
70,40,C5
41,59,C4
63,77,C2
32,14,C3
20,44,C4
57,86,C5
98,82,C5
50,48,C2
80,93,C2
25,43,C6
12,16,C6
71,35,C4
39,53,C1
17,34,C5
45,3,C1
11,68,C1
70,5,C4
23,10,C3
91,52,C3
70,29,C3
38,96,C2
2,31,C5
86,66,C2
84,76,C5
89,91,C6
79,69,C5
93,37,C5
72,27,C4
37,87,C3
49,33,C2
52,68,C6
33,59,C2
22,64,C4
5,85,C5
18,88,C6
38,44,C3
37,95,C1
94,88,C1
95,49,C4
64,53,C3
10,74,C1
79,49,C1
42,66,C6
48,95,C6
44,63,C2
82,25,C3
87,4,C1
97,51,C6
16,11,C6
54,17,C6
35,66,C2
98,70,C3
28,73,C5
2,69,C6
94,84,C3
13,29,C4
41,85,C2
80,73,C5
59,92,C6
69,72,C6
92,95,C2
53,20,C2
45,27,C1
20,8,C6
24,85,C3
61,61,C2
91,28,C2
94,87,C4
58,70,C4
27,3,C4
26,69,C2
7,73,C5
42,7,C3
47,60,C2
53,4,C1
59,5,C6
38,11,C5
69,15,C5
87,64,C3
92,98,C5
98,13,C3
53,7,C5
15,6,C6
96,56,C3
26,64,C4
48,50,C4
95,30,C5
19,22,C5
9,25,C3
64,28,C3
93,84,C6
54,39,C2
51,67,C4
39,5,C2
4,65,C2
3,15,C1
64,90,C3
29,67,C1
11,40,C1
97,98,C2
58,69,C1
75,95,C6
27,77,C3
97,43,C2
21,1,C3
39,22,C6
95,62,C5
46,79,C1
66,26,C2
91,18,C4
36,48,C3
75,9,C6
82,1,C1
65,9,C3
63,23,C6
99,45,C3
35,2,C5
31,14,C6
28,38,C3
1,40,C5
25,63,C5
43,82,C5
84,16,C1
67,93,C6
63,75,C3
51,6,C3
2,3,C6
82,14,C5
64,66,C3
74,96,C3
69,95,C5
9,75,C4
2,86,C4
34,67,C5
60,31,C1
61,33,C3
31,88,C3
10,1,C4
76,44,C5
36,15,C6
85,37,C6
49,27,C1
70,48,C5
49,27,C4
3,12,C4
74,67,C3
5,30,C2
90,96,C1
61,87,C1
85,66,C2
90,7,C6
26,34,C6
72,32,C6
5,39,C4
15,96,C5
16,43,C1
1,43,C2
16,78,C3
37,3,C3
3,46,C4
52,32,C1
47,43,C5
95,81,C1
13,3,C6
80,74,C3
55,63,C1
21,40,C3
66,18,C2
54,67,C2
27,62,C3
38,10,C5
90,52,C5
58,73,C1
62,46,C3
46,55,C4
89,46,C5
11,75,C5
72,60,C6
8,97,C2
97,26,C5
71,27,C5
64,38,C6
21,22,C5
72,26,C6
63,86,C3
85,69,C3
64,35,C2
20,66,C1
8,99,C6
58,73,C5
46,51,C1
31,18,C3
93,43,C5
9,12,C1
15,3,C6
94,82,C6
26,7,C1
10,97,C6
29,6,C4
80,82,C3
36,45,C2
84,86,C2
37,39,C4
86,51,C1
71,9,C6
23,99,C4
41,23,C4
93,12,C6
80,88,C3
28,62,C6
48,73,C6
38,77,C5
31,40,C1
14,54,C2
97,81,C2
73,7,C4
91,17,C4
88,50,C4
77,24,C1
90,2,C4
29,99,C4
51,92,C5
49,83,C1
43,33,C3
92,21,C3
92,74,C6
72,53,C5
87,46,C2
93,45,C6
5,9,C3
42,6,C1
7,51,C2
42,35,C4
36,82,C1
27,53,C2
58,19,C3
46,69,C6
66,25,C4
25,11,C4
73,74,C1
27,17,C6
1,36,C4
87,90,C2
74,95,C5
42,96,C3
52,21,C1
25,18,C6
54,60,C5
67,18,C5
6,1,C1
58,14,C2
70,8,C6
53,66,C3
66,51,C1
58,79,C6
82,60,C5
87,34,C5
2,36,C1
76,62,C6
22,1,C5
37,85,C1
20,42,C1
24,1,C3
84,96,C1
65,84,C6
65,54,C6
81,47,C5
1,39,C4
94,30,C3
3,7,C6
46,22,C5
55,50,C5
75,45,C3
88,74,C3
86,72,C5
64,91,C4
45,10,C2
26,14,C5
77,46,C3
65,75,C1
24,6,C1
74,21,C3
35,62,C3
24,97,C2
28,19,C6
80,88,C3
16,82,C1
59,99,C4
81,62,C3
54,83,C2
79,53,C4
16,24,C2
15,56,C4
98,62,C3
11,34,C1
65,22,C4
79,68,C5
90,57,C6
68,10,C2
43,66,C4
69,8,C2
99,97,C1
13,38,C2
10,62,C2
75,28,C5
82,10,C2
98,45,C4
41,65,C2
50,98,C3
87,67,C2
71,9,C3
59,5,C6
39,10,C2
3,12,C6
76,82,C2
7,58,C4
49,21,C3
26,21,C6
33,65,C6
48,3,C3
79,69,C5
2,89,C2
71,64,C2
32,49,C4
4,72,C5
20,17,C5
36,73,C4
32,32,C6
28,70,C3
77,21,C6
1,7,C1
60,7,C4
56,27,C3
35,8,C6
30,73,C6
54,28,C5
36,79,C4
55,66,C1
89,71,C2
80,47,C4
58,82,C1
83,86,C1
65,10,C4
69,33,C3
51,7,C4
22,3,C6
88,14,C5
53,44,C6
36,46,C1
68,61,C1
36,36,C2
52,13,C1
53,16,C2
82,80,C1
50,5,C1
80,89,C4
41,38,C4
18,50,C5
22,38,C6
66,56,C3
21,63,C5
44,48,C1
47,90,C5
39,59,C4
29,77,C6
54,44,C1
90,90,C1
85,55,C5
17,55,C6
80,1,C2
60,8,C3
31,4,C6
73,85,C5
95,86,C5
78,53,C3
49,58,C1
2,37,C1
48,49,C2
14,67,C5
59,19,C3
97,1,C5
99,29,C4
58,87,C5
58,33,C5
51,52,C4
84,41,C4
2,23,C3
41,5,C1
83,71,C2
82,57,C4
16,6,C1
4,49,C3
12,22,C6
29,77,C5
7,76,C3
14,4,C3
12,72,C4
99,64,C2
5,37,C4
81,31,C5
32,37,C4
74,45,C5
43,90,C4
81,8,C6
69,40,C2
45,97,C6
9,93,C1
49,5,C2
33,28,C4
18,81,C3
9,87,C1
62,9,C3
57,2,C6
29,63,C2
78,96,C1
25,51,C6
15,31,C4
6,7,C3
42,30,C4
29,58,C5
79,3,C1
93,51,C3
4,56,C2
82,73,C2
57,10,C2
49,61,C6
44,50,C2
80,47,C3
75,90,C6
14,1,C5
3,94,C2
62,57,C2
64,38,C6
45,62,C2
82,79,C5
58,89,C6
20,70,C6
58,82,C1
89,65,C6
57,62,C2
77,56,C6
68,67,C2
78,17,C2
97,8,C6
92,60,C1
52,40,C2
37,81,C1
8,89,C1
44,62,C6
98,41,C4
5,12,C4
69,93,C2
31,89,C3
45,54,C4
9,89,C6
32,93,C6
33,11,C4
67,60,C3
30,68,C5
76,78,C2
29,46,C5
3,38,C5
90,61,C1
57,17,C1
30,66,C2
9,72,C3
26,36,C1
2,74,C4
62,7,C2
3,16,C6
46,14,C5
68,80,C2
25,25,C6
51,4,C6
13,29,C1
44,56,C6
35,6,C3
55,1,C6
87,39,C6
9,1,C5
2,63,C3
61,57,C2
41,67,C3
44,65,C3
64,65,C2
31,21,C5
47,30,C6
2,96,C3
96,33,C3
82,48,C2
77,22,C4
69,94,C3
58,54,C1
44,4,C6
74,87,C6
56,55,C5
43,44,C3
89,89,C2
34,12,C1
30,81,C2
71,79,C3
70,74,C1
55,99,C5
67,52,C5
13,93,C5
3,76,C4
26,65,C2
57,65,C3
24,10,C1
53,18,C6
70,47,C6
43,66,C2
60,49,C3
58,72,C4
49,22,C3
42,86,C2
76,26,C3
66,90,C6
11,9,C6
98,21,C1
90,95,C4
18,63,C6
85,6,C1
52,14,C4
46,33,C6
44,71,C4
22,24,C3
53,73,C1
59,75,C4
94,87,C4
30,51,C3
8,2,C6
98,15,C6
57,35,C2
73,36,C2
20,92,C6
25,39,C5
19,4,C5
5,64,C4
75,74,C6
79,6,C2
72,57,C4
83,30,C1
87,99,C2
27,74,C2
40,96,C2
96,67,C5
26,90,C3
27,15,C3
62,17,C5
83,91,C6
50,18,C6
42,19,C5
29,76,C5
39,88,C6
60,69,C3
41,24,C4
33,91,C5
83,48,C4
83,30,C4
97,15,C1
16,47,C3
23,44,C4
7,98,C3
26,27,C3
96,84,C1
12,64,C6
72,41,C3
5,96,C4
92,68,C6
69,5,C6
49,53,C2
26,8,C4
5,22,C4
22,7,C3
79,22,C4
13,46,C2
28,30,C3
33,16,C5
23,79,C4
97,5,C4
18,67,C1
30,23,C5
26,61,C5
16,74,C2
77,5,C5
39,23,C1
33,79,C2
26,82,C5
48,25,C2
65,8,C5
38,95,C5
2,21,C6
6,2,C5
46,22,C4
50,72,C5
38,87,C4
88,96,C3
18,72,C6
27,68,C1
41,64,C2
72,94,C2
92,19,C3
74,87,C5
17,82,C1
62,53,C3
29,93,C3
58,87,C2
70,97,C4
78,52,C4
22,47,C5
6,82,C5
26,54,C3
39,44,C5
12,97,C4
99,7,C1
14,92,C2
22,1,C4
51,63,C6
23,98,C5
48,39,C2
71,19,C6
50,31,C2
89,77,C3
13,24,C5
85,69,C3
10,87,C2
55,83,C3
9,65,C5
79,33,C4
52,59,C1
2,33,C6
25,32,C4
13,59,C2
98,92,C4
51,41,C3
58,12,C5
34,73,C4
35,11,C4
3,97,C5
59,19,C3
70,54,C1
48,57,C4
64,42,C6
19,98,C2
67,71,C3
82,31,C3
73,52,C4
76,2,C6
5,83,C5
67,38,C4
11,32,C4
94,10,C5
68,8,C2
69,90,C5
1,94,C4
91,75,C1
92,20,C5
63,20,C2
29,9,C5
82,72,C5
12,15,C3
77,98,C3
41,88,C4
2,97,C4
37,63,C5
45,91,C1
80,21,C6
48,5,C4
24,35,C5
99,85,C5
22,68,C6
11,48,C5
58,80,C6
46,95,C6
29,90,C5
35,62,C5
15,35,C3
60,70,C6
95,97,C2
42,21,C6
43,80,C2
80,39,C5
74,34,C4
49,15,C1
64,6,C5
32,66,C1
64,88,C3
2,56,C2
24,49,C3
87,92,C4
66,1,C4
38,65,C6
31,28,C5
26,20,C6
29,48,C4
67,72,C4
78,65,C6
25,90,C3
48,51,C1
65,43,C2
53,49,C4
67,25,C6
90,74,C4
18,76,C3
9,41,C2
38,71,C3
87,64,C1
21,61,C3
65,12,C2
21,81,C2
27,69,C4
70,14,C1
44,34,C5
28,48,C4
45,61,C6
17,81,C3
40,35,C3
3,65,C2
76,59,C6
76,36,C2
66,79,C6
46,19,C2
86,42,C5
87,69,C5
30,19,C4
69,39,C5
9,69,C6
85,52,C2
11,12,C6
69,83,C4
99,47,C4
91,76,C1
66,36,C5
88,63,C3
31,76,C3
33,82,C1
39,51,C2
94,43,C1
46,34,C2
37,97,C5
92,49,C5
60,18,C4
31,61,C4
11,57,C4
87,93,C4
2,5,C3
27,89,C4
99,24,C4
2,93,C4
21,64,C2
58,59,C6
5,38,C4
52,33,C1
45,10,C4
85,37,C4
93,97,C3
20,87,C6
61,11,C4
38,24,C6
20,88,C2
25,71,C5
2,21,C6
32,20,C6
26,10,C4
70,89,C4
41,47,C4
67,47,C3
97,15,C5
1,44,C3
51,62,C3
5,6,C3
13,66,C2
19,76,C5
12,4,C2
48,23,C2
25,13,C5
57,81,C2
35,31,C5
76,16,C6
94,41,C6
5,90,C4
98,92,C3
22,1,C6
77,12,C6
57,56,C2
47,50,C5
54,20,C1
3,66,C2
53,36,C2
84,79,C5
31,38,C1
69,22,C1
88,61,C4
33,50,C2
72,96,C3
88,59,C6
50,20,C2
84,36,C3
16,97,C3
76,15,C5
77,62,C2
39,3,C5
89,93,C4
46,91,C3
96,5,C1
88,56,C3
47,31,C4
44,86,C3
9,35,C5
87,71,C2
50,70,C1
77,26,C5
60,1,C6
96,83,C2
15,7,C1
36,36,C4
63,76,C3
69,84,C1
86,87,C6
80,25,C4
41,94,C2
74,59,C1
24,61,C4
82,29,C2
49,95,C5
18,18,C3
7,41,C4
4,19,C5
90,4,C6
69,65,C6
60,41,C2
55,15,C1
16,54,C3
99,64,C2
90,72,C4
82,15,C3
29,79,C5
23,50,C3
14,22,C5
79,18,C2
49,80,C1
33,2,C6
25,36,C3
21,20,C1
17,16,C1
23,67,C6
57,30,C3
81,55,C3
58,66,C1
14,99,C4
93,26,C4
20,57,C3
30,69,C1
19,2,C1
53,56,C2
56,84,C1
77,62,C6
82,34,C4
23,98,C2
62,56,C6
33,55,C4
18,20,C6
73,50,C5
33,25,C3
32,84,C5
61,25,C3
54,53,C4
17,14,C4
19,60,C5
91,43,C6
70,62,C3
99,76,C3
34,69,C2
84,63,C1
25,2,C6
68,54,C6
74,16,C2
74,55,C4
88,94,C5
85,43,C6
11,61,C3
91,38,C2
16,45,C5
90,51,C5
61,42,C6
94,24,C1
80,30,C3
7,37,C5
16,53,C3
99,63,C6
16,11,C2
40,78,C5
12,23,C6
35,80,C5
21,50,C2
50,85,C3
43,55,C3
17,55,C5
32,4,C6
41,97,C2
6,54,C4
88,61,C3
27,78,C4
20,83,C5
25,5,C4
66,95,C6
9,18,C6
92,44,C4
53,31,C6
61,94,C3
38,21,C5
3,47,C4
84,30,C3
70,55,C4
97,68,C3
55,69,C6
1,41,C6
70,45,C5
45,74,C6
98,91,C2
47,80,C3
79,30,C3
26,77,C4
14,85,C5
54,45,C1
71,45,C6
46,79,C1
31,84,C2
88,84,C5
59,45,C3
95,55,C1
29,59,C2
96,5,C5
17,32,C2
14,6,C6
36,94,C1
58,26,C4
24,37,C4
63,13,C5
91,93,C2
25,69,C3
59,25,C1
32,13,C4
82,88,C4
18,95,C2
37,20,C4
26,72,C2
9,60,C1
99,73,C2
64,21,C4
72,61,C2
20,84,C4
54,79,C6
86,26,C5
83,54,C4
30,42,C4
53,11,C4
92,37,C5
99,11,C6
63,27,C3
11,94,C4
31,83,C3
49,34,C1
94,38,C6
87,61,C2
19,87,C3
12,53,C6
15,65,C1
31,3,C6
43,67,C2
37,28,C4
79,14,C4
29,52,C4
26,30,C5
2,58,C5
84,54,C5
15,69,C5
4,15,C1
86,38,C6
50,78,C1
38,14,C4
23,57,C2
59,59,C5
90,8,C6
75,72,C2
28,19,C1
66,32,C5
8,95,C1
29,29,C1
11,41,C3
18,75,C6
55,45,C1
50,13,C4
14,27,C1
74,19,C5
99,26,C4
9,53,C1
99,51,C4
11,37,C1
63,9,C6
76,92,C4
67,96,C2
53,52,C3
39,54,C4
78,3,C5
56,96,C3
28,69,C3
75,8,C1
39,14,C4
25,3,C6
21,24,C3
10,13,C5
43,43,C6
15,29,C6
83,72,C5
48,51,C5
86,42,C1
21,31,C2
60,63,C4
96,26,C3
50,18,C4
23,82,C6
13,57,C3
69,7,C1
4,48,C4
92,80,C1
78,60,C1
72,33,C4
9,3,C4
35,4,C3
21,4,C6
58,42,C6
18,9,C5
97,51,C1
72,17,C6
81,17,C2
43,97,C3
95,20,C3
98,14,C5
6,22,C5
86,52,C1
78,27,C3
67,43,C3
12,3,C2
12,88,C1
66,94,C1
2,8,C6
15,86,C5
23,89,C6
29,10,C1
81,29,C2
96,40,C1
7,65,C6
94,21,C4
28,24,C4
14,73,C2
44,60,C5
30,26,C3
81,9,C1
32,20,C6
70,56,C5
88,99,C6
6,36,C5
27,36,C1
82,73,C3
88,22,C1
24,1,C3
34,69,C6
40,73,C2
47,37,C3
79,83,C5
75,72,C2
86,96,C6
24,13,C4
65,84,C2
18,43,C3
44,37,C2
76,94,C6
57,74,C2
28,95,C6
71,25,C4
23,93,C3
85,88,C5
34,21,C2
11,41,C1
86,73,C5
35,42,C2
93,42,C5
42,2,C1
28,68,C5
82,8,C5
78,96,C1
82,61,C1
92,14,C1
24,77,C4
8,21,C6
53,24,C6
72,50,C1
4,82,C6
91,45,C5
5,64,C1
97,64,C2
49,26,C1
98,32,C1
30,57,C6
72,53,C3
63,33,C5
47,52,C6
26,95,C5
57,18,C2
37,35,C4
98,12,C3
7,51,C2
40,89,C2
92,95,C5
39,10,C3
62,52,C5
92,34,C4
78,67,C5
53,39,C1
4,8,C5
82,96,C1
25,29,C2
7,22,C4
28,84,C6
69,70,C1
67,61,C4
95,43,C5
20,49,C6
83,29,C5
11,81,C2
67,31,C5
87,53,C1
7,34,C2
23,38,C4
61,57,C2
71,4,C4
34,2,C3
19,12,C1
58,35,C1
9,70,C4
48,72,C5
82,21,C6
41,61,C5
48,35,C3
45,48,C4
25,15,C3
78,71,C4
25,15,C3
19,6,C4
39,81,C1
79,68,C3
80,22,C3
27,32,C4
74,22,C2
63,27,C2
68,15,C1
19,44,C5
28,86,C5
85,92,C1
78,9,C5
33,34,C6
10,73,C6
83,15,C6
30,62,C6
22,45,C4
3,84,C2
82,72,C1
75,58,C4
48,92,C6
2,19,C1
76,16,C2
54,75,C5
6,8,C4
40,33,C2
93,74,C1
94,18,C3
2,35,C4
73,43,C1
2,50,C1
93,3,C2
97,91,C1
74,59,C4
98,28,C6
55,46,C4
72,64,C1
60,70,C2
97,47,C4
6,14,C3
19,7,C6
96,74,C5
27,79,C2
1,31,C2
33,93,C5
40,81,C5
32,51,C4
69,29,C1
17,15,C1
8,90,C3
57,76,C6
42,25,C1
98,61,C3
9,41,C3
87,69,C2
35,4,C2
71,57,C6
79,31,C4
53,3,C5
54,67,C5
84,90,C6
25,50,C3
67,17,C6
62,60,C5
55,74,C3
46,66,C5
24,88,C4
98,75,C2
46,24,C2
22,99,C3
11,87,C6
48,32,C5
8,87,C1
39,98,C4
35,19,C5
49,66,C1
46,60,C4
38,66,C4
8,15,C2
54,85,C3
37,35,C5
91,69,C4
92,27,C5
40,88,C4
34,7,C6
96,6,C2
79,33,C3
17,58,C1
33,49,C1
47,17,C6
52,42,C2
80,94,C4
93,72,C2
9,40,C3
33,46,C1
60,71,C5
93,70,C1
77,68,C3
21,1,C4
58,79,C2
85,95,C1
69,89,C1
10,97,C5
6,52,C2
13,35,C5
65,69,C5
20,5,C4
57,17,C1
46,53,C6
8,52,C2
10,14,C4
73,29,C6
67,8,C4
11,98,C4
12,1,C3
10,29,C3
25,36,C4
49,51,C3
49,37,C2
89,93,C1
11,69,C6
62,53,C2
36,96,C1
39,52,C3
53,88,C6
90,83,C2
78,12,C5
56,52,C4
1,1,C1
56,7,C1
4,17,C5
30,98,C5
12,43,C4
35,71,C3
77,17,C2
52,59,C2
31,3,C2
87,29,C3
68,22,C4
52,38,C2
80,54,C1
7,93,C1
22,50,C1
93,69,C5
75,30,C5
56,23,C3
97,85,C2
58,90,C5
93,47,C1
64,21,C5
12,20,C1
7,23,C2
55,68,C3
62,21,C4
90,21,C4
73,1,C1
98,15,C5
77,17,C5
55,51,C1
36,63,C2
89,14,C1
24,59,C2
44,83,C3
17,50,C3
2,34,C1
13,6,C3
31,49,C5
93,6,C2
28,69,C4
60,7,C4
27,97,C3
15,77,C2
95,51,C5
79,1,C4
33,13,C5
20,43,C5
42,27,C4
12,71,C4
73,3,C3
23,58,C2
72,89,C1
96,97,C2
14,17,C1
91,45,C4
25,78,C5
77,58,C2
85,56,C5
31,54,C2
54,87,C6
5,88,C2
13,29,C5
28,54,C6
43,27,C3
89,45,C4
99,87,C3
47,31,C3
71,36,C2
38,81,C4
96,61,C6
67,37,C2
62,67,C1
39,36,C2
37,5,C6
86,46,C5
8,79,C2
81,52,C1
52,49,C2
91,6,C6
33,10,C1
81,96,C4
42,23,C6
76,17,C2
27,84,C1
8,44,C6
23,41,C4
64,15,C5
93,44,C3
20,58,C1
16,86,C5
17,50,C4
80,52,C5
19,70,C2
8,68,C3
38,63,C1
38,58,C6
53,23,C4
93,44,C3
90,83,C4
31,95,C5
44,44,C4
60,52,C4
76,67,C5
17,28,C5
79,67,C3
73,78,C1
39,18,C5
42,27,C3
48,51,C4
12,60,C4
96,74,C6
89,49,C2
18,15,C5
79,83,C3
96,73,C6
6,68,C3
43,15,C1
35,51,C6
98,48,C3
54,72,C5
62,1,C3
69,7,C2
82,53,C4
16,31,C4
8,18,C6
89,12,C3
96,48,C3
90,30,C3
86,97,C3
31,7,C2
10,92,C5
56,3,C2
76,63,C2
92,6,C2
70,95,C4
20,15,C2
5,71,C3
23,43,C2
9,94,C3
58,91,C6
59,81,C5
93,18,C4
80,22,C5
54,61,C6
46,61,C5
22,53,C4
64,26,C3
8,91,C6
20,40,C6
51,88,C3
78,8,C3
39,21,C4
37,93,C2
50,43,C1
34,21,C2
75,3,C2
33,31,C5
31,27,C1
54,27,C3
44,73,C2
34,57,C4
71,97,C2
62,33,C3
23,90,C2
46,92,C6
56,44,C5
7,43,C5
89,31,C2
61,65,C5
3,84,C4
38,76,C1
84,17,C2
34,15,C4
44,34,C6
30,80,C4
17,4,C4
59,72,C6
10,98,C3
99,89,C2
84,79,C2
